--------------------------------------------------------
--  File created - viernes-junio-20-2025   
--------------------------------------------------------
--------------------------------------------------------
--  DDL for Table COLONIA
--------------------------------------------------------

  CREATE TABLE "ASALINASPROGRAMACIONNCAPAS"."COLONIA" 
   (	"IDCOLONIA" NUMBER GENERATED ALWAYS AS IDENTITY MINVALUE 1 MAXVALUE 9999999999999999999999999999 INCREMENT BY 1 START WITH 1 CACHE 20 NOORDER  NOCYCLE  NOKEEP  NOSCALE , 
	"NOMBRECOLONIA" VARCHAR2(50 BYTE), 
	"CODIGOPOSTAL" VARCHAR2(50 BYTE), 
	"IDMUNICIPIO" NUMBER
   ) SEGMENT CREATION IMMEDIATE 
  PCTFREE 10 PCTUSED 40 INITRANS 1 MAXTRANS 255 
 NOCOMPRESS LOGGING
  STORAGE(INITIAL 65536 NEXT 1048576 MINEXTENTS 1 MAXEXTENTS 2147483645
  PCTINCREASE 0 FREELISTS 1 FREELIST GROUPS 1
  BUFFER_POOL DEFAULT FLASH_CACHE DEFAULT CELL_FLASH_CACHE DEFAULT)
  TABLESPACE "USERS" ;
--------------------------------------------------------
--  DDL for Table DIRECCION
--------------------------------------------------------

  CREATE TABLE "ASALINASPROGRAMACIONNCAPAS"."DIRECCION" 
   (	"IDDIRECCION" NUMBER GENERATED ALWAYS AS IDENTITY MINVALUE 1 MAXVALUE 9999999999999999999999999999 INCREMENT BY 1 START WITH 1 CACHE 20 NOORDER  NOCYCLE  NOKEEP  NOSCALE , 
	"CALLE" VARCHAR2(50 BYTE), 
	"NUMEROINTERIOR" VARCHAR2(20 BYTE), 
	"NUMEROEXTERIOR" VARCHAR2(20 BYTE), 
	"IDCOLONIA" NUMBER, 
	"IDUSUARIO" NUMBER
   ) SEGMENT CREATION IMMEDIATE 
  PCTFREE 10 PCTUSED 40 INITRANS 1 MAXTRANS 255 
 NOCOMPRESS LOGGING
  STORAGE(INITIAL 65536 NEXT 1048576 MINEXTENTS 1 MAXEXTENTS 2147483645
  PCTINCREASE 0 FREELISTS 1 FREELIST GROUPS 1
  BUFFER_POOL DEFAULT FLASH_CACHE DEFAULT CELL_FLASH_CACHE DEFAULT)
  TABLESPACE "USERS" ;
--------------------------------------------------------
--  DDL for Table DIRECCION2
--------------------------------------------------------

  CREATE TABLE "ASALINASPROGRAMACIONNCAPAS"."DIRECCION2" 
   (	"IDDIRECCION" NUMBER GENERATED ALWAYS AS IDENTITY MINVALUE 1 MAXVALUE 9999999999999999999999999999 INCREMENT BY 1 START WITH 1 CACHE 20 NOORDER  NOCYCLE  NOKEEP  NOSCALE , 
	"CALLE" VARCHAR2(50 BYTE), 
	"NUMEROINTERIOR" VARCHAR2(20 BYTE), 
	"NUMEROEXTERIOR" VARCHAR2(20 BYTE), 
	"IDCOLONIA" NUMBER, 
	"IDUPERSONA" NUMBER
   ) SEGMENT CREATION IMMEDIATE 
  PCTFREE 10 PCTUSED 40 INITRANS 1 MAXTRANS 255 
 NOCOMPRESS LOGGING
  STORAGE(INITIAL 65536 NEXT 1048576 MINEXTENTS 1 MAXEXTENTS 2147483645
  PCTINCREASE 0 FREELISTS 1 FREELIST GROUPS 1
  BUFFER_POOL DEFAULT FLASH_CACHE DEFAULT CELL_FLASH_CACHE DEFAULT)
  TABLESPACE "USERS" ;
--------------------------------------------------------
--  DDL for Table ESTADO
--------------------------------------------------------

  CREATE TABLE "ASALINASPROGRAMACIONNCAPAS"."ESTADO" 
   (	"IDESTADO" NUMBER GENERATED ALWAYS AS IDENTITY MINVALUE 1 MAXVALUE 9999999999999999999999999999 INCREMENT BY 1 START WITH 1 CACHE 20 NOORDER  NOCYCLE  NOKEEP  NOSCALE , 
	"NOMBREESTADO" VARCHAR2(50 BYTE), 
	"IDPAIS" NUMBER, 
	"ENTIDADFEDERATIVA" CHAR(2 BYTE)
   ) SEGMENT CREATION IMMEDIATE 
  PCTFREE 10 PCTUSED 40 INITRANS 1 MAXTRANS 255 
 NOCOMPRESS LOGGING
  STORAGE(INITIAL 65536 NEXT 1048576 MINEXTENTS 1 MAXEXTENTS 2147483645
  PCTINCREASE 0 FREELISTS 1 FREELIST GROUPS 1
  BUFFER_POOL DEFAULT FLASH_CACHE DEFAULT CELL_FLASH_CACHE DEFAULT)
  TABLESPACE "USERS" ;
--------------------------------------------------------
--  DDL for Table MUNICIPIO
--------------------------------------------------------

  CREATE TABLE "ASALINASPROGRAMACIONNCAPAS"."MUNICIPIO" 
   (	"IDMUNICIPIO" NUMBER GENERATED ALWAYS AS IDENTITY MINVALUE 1 MAXVALUE 9999999999999999999999999999 INCREMENT BY 1 START WITH 1 CACHE 20 NOORDER  NOCYCLE  NOKEEP  NOSCALE , 
	"NOMBREMUNICIPIO" VARCHAR2(50 BYTE), 
	"IDESTADO" NUMBER
   ) SEGMENT CREATION IMMEDIATE 
  PCTFREE 10 PCTUSED 40 INITRANS 1 MAXTRANS 255 
 NOCOMPRESS LOGGING
  STORAGE(INITIAL 65536 NEXT 1048576 MINEXTENTS 1 MAXEXTENTS 2147483645
  PCTINCREASE 0 FREELISTS 1 FREELIST GROUPS 1
  BUFFER_POOL DEFAULT FLASH_CACHE DEFAULT CELL_FLASH_CACHE DEFAULT)
  TABLESPACE "USERS" ;
--------------------------------------------------------
--  DDL for Table PAIS
--------------------------------------------------------

  CREATE TABLE "ASALINASPROGRAMACIONNCAPAS"."PAIS" 
   (	"IDPAIS" NUMBER GENERATED ALWAYS AS IDENTITY MINVALUE 1 MAXVALUE 9999999999999999999999999999 INCREMENT BY 1 START WITH 1 CACHE 20 NOORDER  NOCYCLE  NOKEEP  NOSCALE , 
	"NOMBREPAIS" VARCHAR2(50 BYTE)
   ) SEGMENT CREATION IMMEDIATE 
  PCTFREE 10 PCTUSED 40 INITRANS 1 MAXTRANS 255 
 NOCOMPRESS LOGGING
  STORAGE(INITIAL 65536 NEXT 1048576 MINEXTENTS 1 MAXEXTENTS 2147483645
  PCTINCREASE 0 FREELISTS 1 FREELIST GROUPS 1
  BUFFER_POOL DEFAULT FLASH_CACHE DEFAULT CELL_FLASH_CACHE DEFAULT)
  TABLESPACE "USERS" ;
--------------------------------------------------------
--  DDL for Table ROLL
--------------------------------------------------------

  CREATE TABLE "ASALINASPROGRAMACIONNCAPAS"."ROLL" 
   (	"IDROLL" NUMBER GENERATED ALWAYS AS IDENTITY MINVALUE 1 MAXVALUE 9999999999999999999999999999 INCREMENT BY 1 START WITH 1 CACHE 20 NOORDER  NOCYCLE  NOKEEP  NOSCALE , 
	"NOMBREROLL" VARCHAR2(50 BYTE)
   ) SEGMENT CREATION IMMEDIATE 
  PCTFREE 10 PCTUSED 40 INITRANS 1 MAXTRANS 255 
 NOCOMPRESS LOGGING
  STORAGE(INITIAL 65536 NEXT 1048576 MINEXTENTS 1 MAXEXTENTS 2147483645
  PCTINCREASE 0 FREELISTS 1 FREELIST GROUPS 1
  BUFFER_POOL DEFAULT FLASH_CACHE DEFAULT CELL_FLASH_CACHE DEFAULT)
  TABLESPACE "USERS" ;
--------------------------------------------------------
--  DDL for Table TBL_PERSONA_OP
--------------------------------------------------------

  CREATE TABLE "ASALINASPROGRAMACIONNCAPAS"."TBL_PERSONA_OP" 
   (	"IDUPERSONA" NUMBER GENERATED BY DEFAULT AS IDENTITY MINVALUE 1 MAXVALUE 9999999999999999999999999999 INCREMENT BY 1 START WITH 1 CACHE 20 NOORDER  NOCYCLE  NOKEEP  NOSCALE , 
	"NOMBREUPERSONA" VARCHAR2(50 BYTE), 
	"APELLIDOPATUPERSONA" VARCHAR2(50 BYTE), 
	"APELLIDOMATUPERSONA" VARCHAR2(50 BYTE), 
	"SEXOUPERSONA" CHAR(1 BYTE), 
	"CORREOUPERSONA" VARCHAR2(50 BYTE), 
	"CELULARUPERSONA" VARCHAR2(20 BYTE) DEFAULT NULL, 
	"UPERSONA_PASSWORD" VARCHAR2(20 BYTE) DEFAULT NULL, 
	"UPERSONA_TELEFONO" VARCHAR2(20 BYTE) DEFAULT NULL, 
	"UPERSONA_CURP" VARCHAR2(50 BYTE) DEFAULT NULL, 
	"IDDIRECCION2" NUMBER, 
	"FECHANACIMEINTOUPERSONA" DATE
   ) SEGMENT CREATION IMMEDIATE 
  PCTFREE 10 PCTUSED 40 INITRANS 1 MAXTRANS 255 
 NOCOMPRESS LOGGING
  STORAGE(INITIAL 65536 NEXT 1048576 MINEXTENTS 1 MAXEXTENTS 2147483645
  PCTINCREASE 0 FREELISTS 1 FREELIST GROUPS 1
  BUFFER_POOL DEFAULT FLASH_CACHE DEFAULT CELL_FLASH_CACHE DEFAULT)
  TABLESPACE "USERS" ;
--------------------------------------------------------
--  DDL for Table UPERSONA
--------------------------------------------------------

  CREATE TABLE "ASALINASPROGRAMACIONNCAPAS"."UPERSONA" 
   (	"FECHANACIMEINTOUPERSONA" DATE, 
	"UPERSONA_NOMBRE" VARCHAR2(20 BYTE) DEFAULT ('hola')
   ) SEGMENT CREATION IMMEDIATE 
  PCTFREE 10 PCTUSED 40 INITRANS 1 MAXTRANS 255 
 NOCOMPRESS LOGGING
  STORAGE(INITIAL 65536 NEXT 1048576 MINEXTENTS 1 MAXEXTENTS 2147483645
  PCTINCREASE 0 FREELISTS 1 FREELIST GROUPS 1
  BUFFER_POOL DEFAULT FLASH_CACHE DEFAULT CELL_FLASH_CACHE DEFAULT)
  TABLESPACE "USERS" ;
--------------------------------------------------------
--  DDL for Table USUARIO
--------------------------------------------------------

  CREATE TABLE "ASALINASPROGRAMACIONNCAPAS"."USUARIO" 
   (	"IDUSUARIO" NUMBER GENERATED BY DEFAULT AS IDENTITY MINVALUE 1 MAXVALUE 9999999999999999999999999999 INCREMENT BY 1 START WITH 1 CACHE 20 NOORDER  NOCYCLE  NOKEEP  NOSCALE , 
	"NOMBREUSUARIO" VARCHAR2(50 BYTE) DEFAULT NULL, 
	"APELLIDOPATUSUARIO" VARCHAR2(20 BYTE) DEFAULT NULL, 
	"APELLIDOMATUSUARIO" VARCHAR2(20 BYTE) DEFAULT NULL, 
	"FECHANACIMEINTOUSUARIO" DATE, 
	"SEXOUSUARIO" CHAR(1 BYTE) DEFAULT NULL, 
	"CORREOUSUARIO" VARCHAR2(254 BYTE) DEFAULT NULL, 
	"CELULARUSUARIO" VARCHAR2(20 BYTE) DEFAULT NULL, 
	"PASSWORDUSUARIO" VARCHAR2(20 BYTE) DEFAULT NULL, 
	"TELEFONOUSUARIO" VARCHAR2(20 BYTE) DEFAULT NULL, 
	"CURPUSUARIO" VARCHAR2(18 BYTE) DEFAULT NULL, 
	"USERNAMEUSUARIO" VARCHAR2(50 BYTE), 
	"IDROLL" NUMBER, 
	"IMAGEN" CLOB, 
	"ACTIVOUSUARIO" NUMBER
   ) SEGMENT CREATION IMMEDIATE 
  PCTFREE 10 PCTUSED 40 INITRANS 1 MAXTRANS 255 
 NOCOMPRESS LOGGING
  STORAGE(INITIAL 65536 NEXT 1048576 MINEXTENTS 1 MAXEXTENTS 2147483645
  PCTINCREASE 0 FREELISTS 1 FREELIST GROUPS 1
  BUFFER_POOL DEFAULT FLASH_CACHE DEFAULT CELL_FLASH_CACHE DEFAULT)
  TABLESPACE "USERS" 
 LOB ("IMAGEN") STORE AS SECUREFILE (
  TABLESPACE "USERS" ENABLE STORAGE IN ROW CHUNK 8192
  NOCACHE LOGGING  NOCOMPRESS  KEEP_DUPLICATES 
  STORAGE(INITIAL 106496 NEXT 1048576 MINEXTENTS 1 MAXEXTENTS 2147483645
  PCTINCREASE 0
  BUFFER_POOL DEFAULT FLASH_CACHE DEFAULT CELL_FLASH_CACHE DEFAULT)) ;
--------------------------------------------------------
--  DDL for View USUARIOGETALLVW
--------------------------------------------------------

  CREATE OR REPLACE FORCE NONEDITIONABLE VIEW "ASALINASPROGRAMACIONNCAPAS"."USUARIOGETALLVW" ("IDUSUARIO", "NOMBREUSUARIO", "APELLIDOPATUSUARIO", "APELLIDOMATUSUARIO", "FECHANACIMEINTOUSUARIO", "SEXOUSUARIO", "CORREOUSUARIO", "CELULARUSUARIO", "PASSWORDUSUARIO", "TELEFONOUSUARIO", "CURPUSUARIO", "USERNAMEUSUARIO", "IMAGEN", "ACTIVOUSUARIO", "IDROLL", "NOMBREROLL", "IDDIRECCION", "CALLE", "NUMEROINTERIOR", "NUMEROEXTERIOR", "IDCOLONIA", "NOMBRECOLONIA", "CODIGOPOSTAL", "IDMUNICIPIO", "NOMBREMUNICIPIO", "IDESTADO", "NOMBREESTADO", "IDPAIS", "NOMBREPAIS") AS 
  SELECT 
   Usuario.IDUsuario, Usuario.NombreUsuario, Usuario.ApellidoPatUsuario, Usuario.ApellidoMatUsuario,
   Usuario.FechaNacimeintoUsuario, Usuario.SexoUsuario, Usuario.CorreoUsuario, Usuario.CelularUsuario,
   Usuario.PASSWORDUSUARIO, Usuario.TELEFONOUSUARIO, Usuario.CURPUSUARIO, Usuario.USERNAMEUSUARIO,
   Usuario.Imagen, Usuario.ActivoUsuario, Roll.IdROll, Roll.NombreROll, Direccion.IdDireccion,
    Direccion.Calle, Direccion.NumeroInterior, Direccion.NumeroExterior, Direccion.IDColonia,
    Colonia.NombreColonia, Colonia.CodigoPostal, Colonia.IDMunicipio ,
    Municipio.NombreMunicipio, Municipio.IDEstado ,
    Estado.NombreEstado, Estado.IDPais ,
    Pais.NombrePais
FROM Usuario
LEFT JOIN Roll ON Usuario.IdRoll = Roll.IdROll
LEFT JOIN Direccion ON Usuario.IdUsuario = Direccion.IdUsuario
LEFT JOIN Colonia ON Direccion.IdColonia = Colonia.IdColonia
LEFT JOIN Municipio ON Colonia.IdMunicipio = Municipio.IdMunicipio
LEFT JOIN Estado ON Municipio.IdEstado = Estado.IdEstado
LEFT JOIN Pais ON Estado.IdPais = Pais.IdPais
order by Usuario.IdUsuario
;
REM INSERTING into ASALINASPROGRAMACIONNCAPAS.COLONIA
SET DEFINE OFF;
Insert into ASALINASPROGRAMACIONNCAPAS.COLONIA (IDCOLONIA,NOMBRECOLONIA,CODIGOPOSTAL,IDMUNICIPIO) values (1,'Barrio Belem','54900',1);
Insert into ASALINASPROGRAMACIONNCAPAS.COLONIA (IDCOLONIA,NOMBRECOLONIA,CODIGOPOSTAL,IDMUNICIPIO) values (2,'Colonia La Joya','54944',1);
Insert into ASALINASPROGRAMACIONNCAPAS.COLONIA (IDCOLONIA,NOMBRECOLONIA,CODIGOPOSTAL,IDMUNICIPIO) values (3,'Barrio San Martin','54600',2);
Insert into ASALINASPROGRAMACIONNCAPAS.COLONIA (IDCOLONIA,NOMBRECOLONIA,CODIGOPOSTAL,IDMUNICIPIO) values (4,'Barrio Capula','54603',2);
Insert into ASALINASPROGRAMACIONNCAPAS.COLONIA (IDCOLONIA,NOMBRECOLONIA,CODIGOPOSTAL,IDMUNICIPIO) values (5,'Colonia Hidalgo','55708',3);
Insert into ASALINASPROGRAMACIONNCAPAS.COLONIA (IDCOLONIA,NOMBRECOLONIA,CODIGOPOSTAL,IDMUNICIPIO) values (6,'Fraccionamiento Las Garzas','55718',3);
Insert into ASALINASPROGRAMACIONNCAPAS.COLONIA (IDCOLONIA,NOMBRECOLONIA,CODIGOPOSTAL,IDMUNICIPIO) values (7,'Colonia La Luz','91503',4);
Insert into ASALINASPROGRAMACIONNCAPAS.COLONIA (IDCOLONIA,NOMBRECOLONIA,CODIGOPOSTAL,IDMUNICIPIO) values (8,'Colonia Mosvic','91576',4);
Insert into ASALINASPROGRAMACIONNCAPAS.COLONIA (IDCOLONIA,NOMBRECOLONIA,CODIGOPOSTAL,IDMUNICIPIO) values (9,'Colonia Nahuiollin','91013',5);
Insert into ASALINASPROGRAMACIONNCAPAS.COLONIA (IDCOLONIA,NOMBRECOLONIA,CODIGOPOSTAL,IDMUNICIPIO) values (10,'Colonia Pumar','91040',5);
Insert into ASALINASPROGRAMACIONNCAPAS.COLONIA (IDCOLONIA,NOMBRECOLONIA,CODIGOPOSTAL,IDMUNICIPIO) values (11,'Ejido El Burro','96393',6);
Insert into ASALINASPROGRAMACIONNCAPAS.COLONIA (IDCOLONIA,NOMBRECOLONIA,CODIGOPOSTAL,IDMUNICIPIO) values (12,'Colonia Naranjal','96640',6);
Insert into ASALINASPROGRAMACIONNCAPAS.COLONIA (IDCOLONIA,NOMBRECOLONIA,CODIGOPOSTAL,IDMUNICIPIO) values (13,'Barrio San Antonio','72980',7);
Insert into ASALINASPROGRAMACIONNCAPAS.COLONIA (IDCOLONIA,NOMBRECOLONIA,CODIGOPOSTAL,IDMUNICIPIO) values (14,'Colonia Chachapa','72990',7);
Insert into ASALINASPROGRAMACIONNCAPAS.COLONIA (IDCOLONIA,NOMBRECOLONIA,CODIGOPOSTAL,IDMUNICIPIO) values (15,'Barrio San Francisco','73803',8);
Insert into ASALINASPROGRAMACIONNCAPAS.COLONIA (IDCOLONIA,NOMBRECOLONIA,CODIGOPOSTAL,IDMUNICIPIO) values (16,'Pueblo Coyopol','73863',8);
Insert into ASALINASPROGRAMACIONNCAPAS.COLONIA (IDCOLONIA,NOMBRECOLONIA,CODIGOPOSTAL,IDMUNICIPIO) values (17,'Ejido Tzitla','73300',9);
Insert into ASALINASPROGRAMACIONNCAPAS.COLONIA (IDCOLONIA,NOMBRECOLONIA,CODIGOPOSTAL,IDMUNICIPIO) values (18,'Ejido Atlamaxac','73304',9);
Insert into ASALINASPROGRAMACIONNCAPAS.COLONIA (IDCOLONIA,NOMBRECOLONIA,CODIGOPOSTAL,IDMUNICIPIO) values (19,'Campoalegre','201018',10);
Insert into ASALINASPROGRAMACIONNCAPAS.COLONIA (IDCOLONIA,NOMBRECOLONIA,CODIGOPOSTAL,IDMUNICIPIO) values (20,'Pueblo Bello','201017',10);
Insert into ASALINASPROGRAMACIONNCAPAS.COLONIA (IDCOLONIA,NOMBRECOLONIA,CODIGOPOSTAL,IDMUNICIPIO) values (21,'San Diego','202018',11);
Insert into ASALINASPROGRAMACIONNCAPAS.COLONIA (IDCOLONIA,NOMBRECOLONIA,CODIGOPOSTAL,IDMUNICIPIO) values (22,'Jagua del Pilar','202017',11);
Insert into ASALINASPROGRAMACIONNCAPAS.COLONIA (IDCOLONIA,NOMBRECOLONIA,CODIGOPOSTAL,IDMUNICIPIO) values (23,'Agustin Codazzi','203007',12);
Insert into ASALINASPROGRAMACIONNCAPAS.COLONIA (IDCOLONIA,NOMBRECOLONIA,CODIGOPOSTAL,IDMUNICIPIO) values (24,'Jagua de Ibirico','203001',12);
Insert into ASALINASPROGRAMACIONNCAPAS.COLONIA (IDCOLONIA,NOMBRECOLONIA,CODIGOPOSTAL,IDMUNICIPIO) values (25,'Carmén del Darién','277057',13);
Insert into ASALINASPROGRAMACIONNCAPAS.COLONIA (IDCOLONIA,NOMBRECOLONIA,CODIGOPOSTAL,IDMUNICIPIO) values (26,'Alto Baudo','277050',13);
Insert into ASALINASPROGRAMACIONNCAPAS.COLONIA (IDCOLONIA,NOMBRECOLONIA,CODIGOPOSTAL,IDMUNICIPIO) values (27,'Riosucio','276018',14);
Insert into ASALINASPROGRAMACIONNCAPAS.COLONIA (IDCOLONIA,NOMBRECOLONIA,CODIGOPOSTAL,IDMUNICIPIO) values (28,'Bahia Solano','276019',14);
Insert into ASALINASPROGRAMACIONNCAPAS.COLONIA (IDCOLONIA,NOMBRECOLONIA,CODIGOPOSTAL,IDMUNICIPIO) values (29,'Turbo','278038',15);
Insert into ASALINASPROGRAMACIONNCAPAS.COLONIA (IDCOLONIA,NOMBRECOLONIA,CODIGOPOSTAL,IDMUNICIPIO) values (30,'Acandí','278037',15);
Insert into ASALINASPROGRAMACIONNCAPAS.COLONIA (IDCOLONIA,NOMBRECOLONIA,CODIGOPOSTAL,IDMUNICIPIO) values (31,'El Nevado','234539',16);
Insert into ASALINASPROGRAMACIONNCAPAS.COLONIA (IDCOLONIA,NOMBRECOLONIA,CODIGOPOSTAL,IDMUNICIPIO) values (32,'Tierralta','234538',16);
Insert into ASALINASPROGRAMACIONNCAPAS.COLONIA (IDCOLONIA,NOMBRECOLONIA,CODIGOPOSTAL,IDMUNICIPIO) values (33,'San Pelayo','230559',17);
Insert into ASALINASPROGRAMACIONNCAPAS.COLONIA (IDCOLONIA,NOMBRECOLONIA,CODIGOPOSTAL,IDMUNICIPIO) values (34,'Cienaga de Oro','230557',17);
Insert into ASALINASPROGRAMACIONNCAPAS.COLONIA (IDCOLONIA,NOMBRECOLONIA,CODIGOPOSTAL,IDMUNICIPIO) values (35,'Las Escobillas','233538',18);
Insert into ASALINASPROGRAMACIONNCAPAS.COLONIA (IDCOLONIA,NOMBRECOLONIA,CODIGOPOSTAL,IDMUNICIPIO) values (36,'San Marcos','233537',18);
Insert into ASALINASPROGRAMACIONNCAPAS.COLONIA (IDCOLONIA,NOMBRECOLONIA,CODIGOPOSTAL,IDMUNICIPIO) values (37,'La Colonia','3500',19);
Insert into ASALINASPROGRAMACIONNCAPAS.COLONIA (IDCOLONIA,NOMBRECOLONIA,CODIGOPOSTAL,IDMUNICIPIO) values (38,'Resistencia','3501',19);
Insert into ASALINASPROGRAMACIONNCAPAS.COLONIA (IDCOLONIA,NOMBRECOLONIA,CODIGOPOSTAL,IDMUNICIPIO) values (39,'La Clotilde','3701',20);
Insert into ASALINASPROGRAMACIONNCAPAS.COLONIA (IDCOLONIA,NOMBRECOLONIA,CODIGOPOSTAL,IDMUNICIPIO) values (40,'Las Cuatro Bocas','3702',20);
Insert into ASALINASPROGRAMACIONNCAPAS.COLONIA (IDCOLONIA,NOMBRECOLONIA,CODIGOPOSTAL,IDMUNICIPIO) values (41,'Bajo Verde','3705',21);
Insert into ASALINASPROGRAMACIONNCAPAS.COLONIA (IDCOLONIA,NOMBRECOLONIA,CODIGOPOSTAL,IDMUNICIPIO) values (42,'El Aibal','3706',21);
Insert into ASALINASPROGRAMACIONNCAPAS.COLONIA (IDCOLONIA,NOMBRECOLONIA,CODIGOPOSTAL,IDMUNICIPIO) values (43,'Agua Negra','4415',22);
Insert into ASALINASPROGRAMACIONNCAPAS.COLONIA (IDCOLONIA,NOMBRECOLONIA,CODIGOPOSTAL,IDMUNICIPIO) values (44,'Angostura','4416',22);
Insert into ASALINASPROGRAMACIONNCAPAS.COLONIA (IDCOLONIA,NOMBRECOLONIA,CODIGOPOSTAL,IDMUNICIPIO) values (45,'Salta','4401',23);
Insert into ASALINASPROGRAMACIONNCAPAS.COLONIA (IDCOLONIA,NOMBRECOLONIA,CODIGOPOSTAL,IDMUNICIPIO) values (46,'Buen Lugar','4402',23);
Insert into ASALINASPROGRAMACIONNCAPAS.COLONIA (IDCOLONIA,NOMBRECOLONIA,CODIGOPOSTAL,IDMUNICIPIO) values (47,'Chacar','4633',24);
Insert into ASALINASPROGRAMACIONNCAPAS.COLONIA (IDCOLONIA,NOMBRECOLONIA,CODIGOPOSTAL,IDMUNICIPIO) values (48,'El Tapial','4634',24);
Insert into ASALINASPROGRAMACIONNCAPAS.COLONIA (IDCOLONIA,NOMBRECOLONIA,CODIGOPOSTAL,IDMUNICIPIO) values (49,'Cerrito','3550',25);
Insert into ASALINASPROGRAMACIONNCAPAS.COLONIA (IDCOLONIA,NOMBRECOLONIA,CODIGOPOSTAL,IDMUNICIPIO) values (50,'El Cincuenta','3551',25);
Insert into ASALINASPROGRAMACIONNCAPAS.COLONIA (IDCOLONIA,NOMBRECOLONIA,CODIGOPOSTAL,IDMUNICIPIO) values (51,'Portalis','3066',26);
Insert into ASALINASPROGRAMACIONNCAPAS.COLONIA (IDCOLONIA,NOMBRECOLONIA,CODIGOPOSTAL,IDMUNICIPIO) values (52,'Esteban Rams','3067',26);
Insert into ASALINASPROGRAMACIONNCAPAS.COLONIA (IDCOLONIA,NOMBRECOLONIA,CODIGOPOSTAL,IDMUNICIPIO) values (53,'Lassaga','3036',27);
Insert into ASALINASPROGRAMACIONNCAPAS.COLONIA (IDCOLONIA,NOMBRECOLONIA,CODIGOPOSTAL,IDMUNICIPIO) values (54,'Aromos','3037',27);
REM INSERTING into ASALINASPROGRAMACIONNCAPAS.DIRECCION
SET DEFINE OFF;
Insert into ASALINASPROGRAMACIONNCAPAS.DIRECCION (IDDIRECCION,CALLE,NUMEROINTERIOR,NUMEROEXTERIOR,IDCOLONIA,IDUSUARIO) values (44,'Javier Mina','256','298',43,144);
Insert into ASALINASPROGRAMACIONNCAPAS.DIRECCION (IDDIRECCION,CALLE,NUMEROINTERIOR,NUMEROEXTERIOR,IDCOLONIA,IDUSUARIO) values (41,'Calle Cerrada','15','6',1,142);
Insert into ASALINASPROGRAMACIONNCAPAS.DIRECCION (IDDIRECCION,CALLE,NUMEROINTERIOR,NUMEROEXTERIOR,IDCOLONIA,IDUSUARIO) values (42,'BenitoJuarez','654','1247',36,144);
Insert into ASALINASPROGRAMACIONNCAPAS.DIRECCION (IDDIRECCION,CALLE,NUMEROINTERIOR,NUMEROEXTERIOR,IDCOLONIA,IDUSUARIO) values (43,'Javier Mina','546','489',53,145);
Insert into ASALINASPROGRAMACIONNCAPAS.DIRECCION (IDDIRECCION,CALLE,NUMEROINTERIOR,NUMEROEXTERIOR,IDCOLONIA,IDUSUARIO) values (45,'Calle de Pruebas','15','6',1,161);
Insert into ASALINASPROGRAMACIONNCAPAS.DIRECCION (IDDIRECCION,CALLE,NUMEROINTERIOR,NUMEROEXTERIOR,IDCOLONIA,IDUSUARIO) values (1,'Rio Chico','14','5',1,1);
Insert into ASALINASPROGRAMACIONNCAPAS.DIRECCION (IDDIRECCION,CALLE,NUMEROINTERIOR,NUMEROEXTERIOR,IDCOLONIA,IDUSUARIO) values (2,'Venustiano Carranza','16','48',4,2);
Insert into ASALINASPROGRAMACIONNCAPAS.DIRECCION (IDDIRECCION,CALLE,NUMEROINTERIOR,NUMEROEXTERIOR,IDCOLONIA,IDUSUARIO) values (3,'Madero ','1','5',5,3);
Insert into ASALINASPROGRAMACIONNCAPAS.DIRECCION (IDDIRECCION,CALLE,NUMEROINTERIOR,NUMEROEXTERIOR,IDCOLONIA,IDUSUARIO) values (4,'Cumbria','10','15',21,4);
Insert into ASALINASPROGRAMACIONNCAPAS.DIRECCION (IDDIRECCION,CALLE,NUMEROINTERIOR,NUMEROEXTERIOR,IDCOLONIA,IDUSUARIO) values (5,'Mariano Escobedo','98','13',4,5);
Insert into ASALINASPROGRAMACIONNCAPAS.DIRECCION (IDDIRECCION,CALLE,NUMEROINTERIOR,NUMEROEXTERIOR,IDCOLONIA,IDUSUARIO) values (6,'Santa Barbara','451','14',2,6);
Insert into ASALINASPROGRAMACIONNCAPAS.DIRECCION (IDDIRECCION,CALLE,NUMEROINTERIOR,NUMEROEXTERIOR,IDCOLONIA,IDUSUARIO) values (7,'Benito Juarez','213','55',54,7);
Insert into ASALINASPROGRAMACIONNCAPAS.DIRECCION (IDDIRECCION,CALLE,NUMEROINTERIOR,NUMEROEXTERIOR,IDCOLONIA,IDUSUARIO) values (8,'El Infiernillo','15','68',22,8);
Insert into ASALINASPROGRAMACIONNCAPAS.DIRECCION (IDDIRECCION,CALLE,NUMEROINTERIOR,NUMEROEXTERIOR,IDCOLONIA,IDUSUARIO) values (9,'Calle Del Hambre','11','489',13,9);
Insert into ASALINASPROGRAMACIONNCAPAS.DIRECCION (IDDIRECCION,CALLE,NUMEROINTERIOR,NUMEROEXTERIOR,IDCOLONIA,IDUSUARIO) values (10,'Paseos de Sta Maria','123','14',10,10);
Insert into ASALINASPROGRAMACIONNCAPAS.DIRECCION (IDDIRECCION,CALLE,NUMEROINTERIOR,NUMEROEXTERIOR,IDCOLONIA,IDUSUARIO) values (11,'Paseo de las Flores','128','69',22,12);
Insert into ASALINASPROGRAMACIONNCAPAS.DIRECCION (IDDIRECCION,CALLE,NUMEROINTERIOR,NUMEROEXTERIOR,IDCOLONIA,IDUSUARIO) values (12,'Callejon del Laurel','789','87',3,21);
Insert into ASALINASPROGRAMACIONNCAPAS.DIRECCION (IDDIRECCION,CALLE,NUMEROINTERIOR,NUMEROEXTERIOR,IDCOLONIA,IDUSUARIO) values (13,'Camino Real','77','15',9,45);
Insert into ASALINASPROGRAMACIONNCAPAS.DIRECCION (IDDIRECCION,CALLE,NUMEROINTERIOR,NUMEROEXTERIOR,IDCOLONIA,IDUSUARIO) values (14,'Calle del Silencio','456','23',8,65);
Insert into ASALINASPROGRAMACIONNCAPAS.DIRECCION (IDDIRECCION,CALLE,NUMEROINTERIOR,NUMEROEXTERIOR,IDCOLONIA,IDUSUARIO) values (15,'Avenida de la Luna','498','89',11,68);
Insert into ASALINASPROGRAMACIONNCAPAS.DIRECCION (IDDIRECCION,CALLE,NUMEROINTERIOR,NUMEROEXTERIOR,IDCOLONIA,IDUSUARIO) values (16,'Avenida Siempre Viva','478','45',34,101);
Insert into ASALINASPROGRAMACIONNCAPAS.DIRECCION (IDDIRECCION,CALLE,NUMEROINTERIOR,NUMEROEXTERIOR,IDCOLONIA,IDUSUARIO) values (17,'Calle Ramon','11','17',17,102);
Insert into ASALINASPROGRAMACIONNCAPAS.DIRECCION (IDDIRECCION,CALLE,NUMEROINTERIOR,NUMEROEXTERIOR,IDCOLONIA,IDUSUARIO) values (23,'Sol del Bueno','547','798',2,126);
Insert into ASALINASPROGRAMACIONNCAPAS.DIRECCION (IDDIRECCION,CALLE,NUMEROINTERIOR,NUMEROEXTERIOR,IDCOLONIA,IDUSUARIO) values (55,'Calle de Pruebas','154','683',18,171);
Insert into ASALINASPROGRAMACIONNCAPAS.DIRECCION (IDDIRECCION,CALLE,NUMEROINTERIOR,NUMEROEXTERIOR,IDCOLONIA,IDUSUARIO) values (21,'Reforma','piso 14','199',5,68);
Insert into ASALINASPROGRAMACIONNCAPAS.DIRECCION (IDDIRECCION,CALLE,NUMEROINTERIOR,NUMEROEXTERIOR,IDCOLONIA,IDUSUARIO) values (22,'Javier Mina','23','234',2,124);
Insert into ASALINASPROGRAMACIONNCAPAS.DIRECCION (IDDIRECCION,CALLE,NUMEROINTERIOR,NUMEROEXTERIOR,IDCOLONIA,IDUSUARIO) values (24,'Sol del Bueno','89','47',3,127);
REM INSERTING into ASALINASPROGRAMACIONNCAPAS.DIRECCION2
SET DEFINE OFF;
Insert into ASALINASPROGRAMACIONNCAPAS.DIRECCION2 (IDDIRECCION,CALLE,NUMEROINTERIOR,NUMEROEXTERIOR,IDCOLONIA,IDUPERSONA) values (1,'Calle Cerrada','15','6',1,68);
Insert into ASALINASPROGRAMACIONNCAPAS.DIRECCION2 (IDDIRECCION,CALLE,NUMEROINTERIOR,NUMEROEXTERIOR,IDCOLONIA,IDUPERSONA) values (2,'Calle Cerrada','15','6',1,22);
Insert into ASALINASPROGRAMACIONNCAPAS.DIRECCION2 (IDDIRECCION,CALLE,NUMEROINTERIOR,NUMEROEXTERIOR,IDCOLONIA,IDUPERSONA) values (41,'Calle Prueab','1365','156',1,82);
Insert into ASALINASPROGRAMACIONNCAPAS.DIRECCION2 (IDDIRECCION,CALLE,NUMEROINTERIOR,NUMEROEXTERIOR,IDCOLONIA,IDUPERSONA) values (21,'Calle Cerrada','15','6',1,41);
REM INSERTING into ASALINASPROGRAMACIONNCAPAS.ESTADO
SET DEFINE OFF;
Insert into ASALINASPROGRAMACIONNCAPAS.ESTADO (IDESTADO,NOMBREESTADO,IDPAIS,ENTIDADFEDERATIVA) values (1,'Edo. Mexico',1,'ME');
Insert into ASALINASPROGRAMACIONNCAPAS.ESTADO (IDESTADO,NOMBREESTADO,IDPAIS,ENTIDADFEDERATIVA) values (2,'Veracruz',1,'VC');
Insert into ASALINASPROGRAMACIONNCAPAS.ESTADO (IDESTADO,NOMBREESTADO,IDPAIS,ENTIDADFEDERATIVA) values (3,'Puebla',1,'PL');
Insert into ASALINASPROGRAMACIONNCAPAS.ESTADO (IDESTADO,NOMBREESTADO,IDPAIS,ENTIDADFEDERATIVA) values (4,'Cesar',2,'NE');
Insert into ASALINASPROGRAMACIONNCAPAS.ESTADO (IDESTADO,NOMBREESTADO,IDPAIS,ENTIDADFEDERATIVA) values (5,'Choco',2,'NE');
Insert into ASALINASPROGRAMACIONNCAPAS.ESTADO (IDESTADO,NOMBREESTADO,IDPAIS,ENTIDADFEDERATIVA) values (6,'Cordoba',2,'NE');
Insert into ASALINASPROGRAMACIONNCAPAS.ESTADO (IDESTADO,NOMBREESTADO,IDPAIS,ENTIDADFEDERATIVA) values (7,'Chaco',3,'NE');
Insert into ASALINASPROGRAMACIONNCAPAS.ESTADO (IDESTADO,NOMBREESTADO,IDPAIS,ENTIDADFEDERATIVA) values (8,'Salta',3,'NE');
Insert into ASALINASPROGRAMACIONNCAPAS.ESTADO (IDESTADO,NOMBREESTADO,IDPAIS,ENTIDADFEDERATIVA) values (9,'Santa Fe',3,'NE');
REM INSERTING into ASALINASPROGRAMACIONNCAPAS.MUNICIPIO
SET DEFINE OFF;
Insert into ASALINASPROGRAMACIONNCAPAS.MUNICIPIO (IDMUNICIPIO,NOMBREMUNICIPIO,IDESTADO) values (1,'Tultilan',1);
Insert into ASALINASPROGRAMACIONNCAPAS.MUNICIPIO (IDMUNICIPIO,NOMBREMUNICIPIO,IDESTADO) values (2,'Tepozotlan',1);
Insert into ASALINASPROGRAMACIONNCAPAS.MUNICIPIO (IDMUNICIPIO,NOMBREMUNICIPIO,IDESTADO) values (3,'Coacalco',1);
Insert into ASALINASPROGRAMACIONNCAPAS.MUNICIPIO (IDMUNICIPIO,NOMBREMUNICIPIO,IDESTADO) values (4,'Coatepec',2);
Insert into ASALINASPROGRAMACIONNCAPAS.MUNICIPIO (IDMUNICIPIO,NOMBREMUNICIPIO,IDESTADO) values (5,'Xalapa',2);
Insert into ASALINASPROGRAMACIONNCAPAS.MUNICIPIO (IDMUNICIPIO,NOMBREMUNICIPIO,IDESTADO) values (6,'Agua Dulce',2);
Insert into ASALINASPROGRAMACIONNCAPAS.MUNICIPIO (IDMUNICIPIO,NOMBREMUNICIPIO,IDESTADO) values (7,'Amozoc',3);
Insert into ASALINASPROGRAMACIONNCAPAS.MUNICIPIO (IDMUNICIPIO,NOMBREMUNICIPIO,IDESTADO) values (8,'Teziutlan',3);
Insert into ASALINASPROGRAMACIONNCAPAS.MUNICIPIO (IDMUNICIPIO,NOMBREMUNICIPIO,IDESTADO) values (9,'Chignahuapan',3);
Insert into ASALINASPROGRAMACIONNCAPAS.MUNICIPIO (IDMUNICIPIO,NOMBREMUNICIPIO,IDESTADO) values (10,'El Copey',4);
Insert into ASALINASPROGRAMACIONNCAPAS.MUNICIPIO (IDMUNICIPIO,NOMBREMUNICIPIO,IDESTADO) values (11,'La Paz',4);
Insert into ASALINASPROGRAMACIONNCAPAS.MUNICIPIO (IDMUNICIPIO,NOMBREMUNICIPIO,IDESTADO) values (12,'Becerril',4);
Insert into ASALINASPROGRAMACIONNCAPAS.MUNICIPIO (IDMUNICIPIO,NOMBREMUNICIPIO,IDESTADO) values (13,'Boyaya',5);
Insert into ASALINASPROGRAMACIONNCAPAS.MUNICIPIO (IDMUNICIPIO,NOMBREMUNICIPIO,IDESTADO) values (14,'Jurado',5);
Insert into ASALINASPROGRAMACIONNCAPAS.MUNICIPIO (IDMUNICIPIO,NOMBREMUNICIPIO,IDESTADO) values (15,'Unguia',5);
Insert into ASALINASPROGRAMACIONNCAPAS.MUNICIPIO (IDMUNICIPIO,NOMBREMUNICIPIO,IDESTADO) values (16,'Valencia',6);
Insert into ASALINASPROGRAMACIONNCAPAS.MUNICIPIO (IDMUNICIPIO,NOMBREMUNICIPIO,IDESTADO) values (17,'Cerete',6);
Insert into ASALINASPROGRAMACIONNCAPAS.MUNICIPIO (IDMUNICIPIO,NOMBREMUNICIPIO,IDESTADO) values (18,'Ayapel',6);
Insert into ASALINASPROGRAMACIONNCAPAS.MUNICIPIO (IDMUNICIPIO,NOMBREMUNICIPIO,IDESTADO) values (19,'Tepenaga',7);
Insert into ASALINASPROGRAMACIONNCAPAS.MUNICIPIO (IDMUNICIPIO,NOMBREMUNICIPIO,IDESTADO) values (20,'Maipu',7);
Insert into ASALINASPROGRAMACIONNCAPAS.MUNICIPIO (IDMUNICIPIO,NOMBREMUNICIPIO,IDESTADO) values (21,'Bermejo',7);
Insert into ASALINASPROGRAMACIONNCAPAS.MUNICIPIO (IDMUNICIPIO,NOMBREMUNICIPIO,IDESTADO) values (22,'La Poma',8);
Insert into ASALINASPROGRAMACIONNCAPAS.MUNICIPIO (IDMUNICIPIO,NOMBREMUNICIPIO,IDESTADO) values (23,'Los Andes',8);
Insert into ASALINASPROGRAMACIONNCAPAS.MUNICIPIO (IDMUNICIPIO,NOMBREMUNICIPIO,IDESTADO) values (24,'Iruya',8);
Insert into ASALINASPROGRAMACIONNCAPAS.MUNICIPIO (IDMUNICIPIO,NOMBREMUNICIPIO,IDESTADO) values (25,'Vera',9);
Insert into ASALINASPROGRAMACIONNCAPAS.MUNICIPIO (IDMUNICIPIO,NOMBREMUNICIPIO,IDESTADO) values (26,'Garay',9);
Insert into ASALINASPROGRAMACIONNCAPAS.MUNICIPIO (IDMUNICIPIO,NOMBREMUNICIPIO,IDESTADO) values (27,'Caseros',9);
REM INSERTING into ASALINASPROGRAMACIONNCAPAS.PAIS
SET DEFINE OFF;
Insert into ASALINASPROGRAMACIONNCAPAS.PAIS (IDPAIS,NOMBREPAIS) values (1,'Mexico');
Insert into ASALINASPROGRAMACIONNCAPAS.PAIS (IDPAIS,NOMBREPAIS) values (2,'Colombia');
Insert into ASALINASPROGRAMACIONNCAPAS.PAIS (IDPAIS,NOMBREPAIS) values (3,'Argentina');
REM INSERTING into ASALINASPROGRAMACIONNCAPAS.ROLL
SET DEFINE OFF;
Insert into ASALINASPROGRAMACIONNCAPAS.ROLL (IDROLL,NOMBREROLL) values (1,'admin');
Insert into ASALINASPROGRAMACIONNCAPAS.ROLL (IDROLL,NOMBREROLL) values (2,'supervisor');
Insert into ASALINASPROGRAMACIONNCAPAS.ROLL (IDROLL,NOMBREROLL) values (3,'cliente');
Insert into ASALINASPROGRAMACIONNCAPAS.ROLL (IDROLL,NOMBREROLL) values (4,'empleado de planta');
Insert into ASALINASPROGRAMACIONNCAPAS.ROLL (IDROLL,NOMBREROLL) values (5,'empleado exterior');
REM INSERTING into ASALINASPROGRAMACIONNCAPAS.TBL_PERSONA_OP
SET DEFINE OFF;
Insert into ASALINASPROGRAMACIONNCAPAS.TBL_PERSONA_OP (IDUPERSONA,NOMBREUPERSONA,APELLIDOPATUPERSONA,APELLIDOMATUPERSONA,SEXOUPERSONA,CORREOUPERSONA,CELULARUPERSONA,UPERSONA_PASSWORD,UPERSONA_TELEFONO,UPERSONA_CURP,IDDIRECCION2,FECHANACIMEINTOUPERSONA) values (6,'Adalberto','Salinas','Jose','H','Adalberto.salinas@email.com','5516437880','password','password','CURP',1,null);
Insert into ASALINASPROGRAMACIONNCAPAS.TBL_PERSONA_OP (IDUPERSONA,NOMBREUPERSONA,APELLIDOPATUPERSONA,APELLIDOMATUPERSONA,SEXOUPERSONA,CORREOUPERSONA,CELULARUPERSONA,UPERSONA_PASSWORD,UPERSONA_TELEFONO,UPERSONA_CURP,IDDIRECCION2,FECHANACIMEINTOUPERSONA) values (21,'adal','salinas','jose','H','adal@email.com','55-4987-4615','passAdal','984-465-423','adalCurp',2,null);
Insert into ASALINASPROGRAMACIONNCAPAS.TBL_PERSONA_OP (IDUPERSONA,NOMBREUPERSONA,APELLIDOPATUPERSONA,APELLIDOMATUPERSONA,SEXOUPERSONA,CORREOUPERSONA,CELULARUPERSONA,UPERSONA_PASSWORD,UPERSONA_TELEFONO,UPERSONA_CURP,IDDIRECCION2,FECHANACIMEINTOUPERSONA) values (22,'oscar','salinas','jose','H','oscar@email.com','55-4987-4615','passOScar','984-465-423','oscarCurp',21,null);
Insert into ASALINASPROGRAMACIONNCAPAS.TBL_PERSONA_OP (IDUPERSONA,NOMBREUPERSONA,APELLIDOPATUPERSONA,APELLIDOMATUPERSONA,SEXOUPERSONA,CORREOUPERSONA,CELULARUPERSONA,UPERSONA_PASSWORD,UPERSONA_TELEFONO,UPERSONA_CURP,IDDIRECCION2,FECHANACIMEINTOUPERSONA) values (61,'Adlberto','Salinas','Jose','H','Adlberto@gmail.com','56-7812-8731','perezPass','789-451-899','CURP',3,null);
Insert into ASALINASPROGRAMACIONNCAPAS.TBL_PERSONA_OP (IDUPERSONA,NOMBREUPERSONA,APELLIDOPATUPERSONA,APELLIDOMATUPERSONA,SEXOUPERSONA,CORREOUPERSONA,CELULARUPERSONA,UPERSONA_PASSWORD,UPERSONA_TELEFONO,UPERSONA_CURP,IDDIRECCION2,FECHANACIMEINTOUPERSONA) values (62,'Oscar','Salinas','Jose','H','Oscar@gmail.com','56-7812-8731','SalinasPass','789-451-899','SAJO',3,null);
Insert into ASALINASPROGRAMACIONNCAPAS.TBL_PERSONA_OP (IDUPERSONA,NOMBREUPERSONA,APELLIDOPATUPERSONA,APELLIDOMATUPERSONA,SEXOUPERSONA,CORREOUPERSONA,CELULARUPERSONA,UPERSONA_PASSWORD,UPERSONA_TELEFONO,UPERSONA_CURP,IDDIRECCION2,FECHANACIMEINTOUPERSONA) values (63,'Adalberto','Salinas','Jose','H','Adalberto@gmail.com','56-7812-8731','SalinasPass','789-451-899','SAJA',3,null);
Insert into ASALINASPROGRAMACIONNCAPAS.TBL_PERSONA_OP (IDUPERSONA,NOMBREUPERSONA,APELLIDOPATUPERSONA,APELLIDOMATUPERSONA,SEXOUPERSONA,CORREOUPERSONA,CELULARUPERSONA,UPERSONA_PASSWORD,UPERSONA_TELEFONO,UPERSONA_CURP,IDDIRECCION2,FECHANACIMEINTOUPERSONA) values (64,'Adalberto','Salinas','Jose','H','Adalberto@gmail.com','56-7812-8731','SalinasPass','789-451-899','SAJA-SEPP-011',3,null);
Insert into ASALINASPROGRAMACIONNCAPAS.TBL_PERSONA_OP (IDUPERSONA,NOMBREUPERSONA,APELLIDOPATUPERSONA,APELLIDOMATUPERSONA,SEXOUPERSONA,CORREOUPERSONA,CELULARUPERSONA,UPERSONA_PASSWORD,UPERSONA_TELEFONO,UPERSONA_CURP,IDDIRECCION2,FECHANACIMEINTOUPERSONA) values (65,'Adalberto','Salinas','Jose','H','Adalberto@gmail.com','56-7812-8731','SalinasPass','789-451-899','SAJA1',3,null);
Insert into ASALINASPROGRAMACIONNCAPAS.TBL_PERSONA_OP (IDUPERSONA,NOMBREUPERSONA,APELLIDOPATUPERSONA,APELLIDOMATUPERSONA,SEXOUPERSONA,CORREOUPERSONA,CELULARUPERSONA,UPERSONA_PASSWORD,UPERSONA_TELEFONO,UPERSONA_CURP,IDDIRECCION2,FECHANACIMEINTOUPERSONA) values (66,'Adalberto','Salinas','Jose','H','Adalberto@gmail.com','56-7812-8731','SalinasPass','789-451-899','SAJA01',3,null);
Insert into ASALINASPROGRAMACIONNCAPAS.TBL_PERSONA_OP (IDUPERSONA,NOMBREUPERSONA,APELLIDOPATUPERSONA,APELLIDOMATUPERSONA,SEXOUPERSONA,CORREOUPERSONA,CELULARUPERSONA,UPERSONA_PASSWORD,UPERSONA_TELEFONO,UPERSONA_CURP,IDDIRECCION2,FECHANACIMEINTOUPERSONA) values (67,'Adalberto','Salinas','Jose','H','Adalberto@gmail.com','56-7812-8731','SalinasPass','789-451-899','SAJA01EP-01',3,null);
Insert into ASALINASPROGRAMACIONNCAPAS.TBL_PERSONA_OP (IDUPERSONA,NOMBREUPERSONA,APELLIDOPATUPERSONA,APELLIDOMATUPERSONA,SEXOUPERSONA,CORREOUPERSONA,CELULARUPERSONA,UPERSONA_PASSWORD,UPERSONA_TELEFONO,UPERSONA_CURP,IDDIRECCION2,FECHANACIMEINTOUPERSONA) values (68,'Adalberto','Salinas','Jose','H','Adalberto@gmail.com','56-7812-8731','SalinasPass','789-451-899','SAJA01SEP-0',3,null);
Insert into ASALINASPROGRAMACIONNCAPAS.TBL_PERSONA_OP (IDUPERSONA,NOMBREUPERSONA,APELLIDOPATUPERSONA,APELLIDOMATUPERSONA,SEXOUPERSONA,CORREOUPERSONA,CELULARUPERSONA,UPERSONA_PASSWORD,UPERSONA_TELEFONO,UPERSONA_CURP,IDDIRECCION2,FECHANACIMEINTOUPERSONA) values (69,'Adalberto','Salinas','Jose','H','Adalberto@gmail.com','56-7812-8731','SalinasPass','789-451-899','SAJA01SEP-0',3,null);
Insert into ASALINASPROGRAMACIONNCAPAS.TBL_PERSONA_OP (IDUPERSONA,NOMBREUPERSONA,APELLIDOPATUPERSONA,APELLIDOMATUPERSONA,SEXOUPERSONA,CORREOUPERSONA,CELULARUPERSONA,UPERSONA_PASSWORD,UPERSONA_TELEFONO,UPERSONA_CURP,IDDIRECCION2,FECHANACIMEINTOUPERSONA) values (70,'Adalberto','Salinas','Jose','H','Adalberto@gmail.com','56-7812-8731','SalinasPass','789-451-899','SAJA010',3,null);
Insert into ASALINASPROGRAMACIONNCAPAS.TBL_PERSONA_OP (IDUPERSONA,NOMBREUPERSONA,APELLIDOPATUPERSONA,APELLIDOMATUPERSONA,SEXOUPERSONA,CORREOUPERSONA,CELULARUPERSONA,UPERSONA_PASSWORD,UPERSONA_TELEFONO,UPERSONA_CURP,IDDIRECCION2,FECHANACIMEINTOUPERSONA) values (71,'Adalberto','Salinas','Jose','H','Adalberto@gmail.com','56-7812-8731','SalinasPass','789-451-899','SAJA010',3,to_date('09-SEP-01','DD-MON-RR'));
Insert into ASALINASPROGRAMACIONNCAPAS.TBL_PERSONA_OP (IDUPERSONA,NOMBREUPERSONA,APELLIDOPATUPERSONA,APELLIDOMATUPERSONA,SEXOUPERSONA,CORREOUPERSONA,CELULARUPERSONA,UPERSONA_PASSWORD,UPERSONA_TELEFONO,UPERSONA_CURP,IDDIRECCION2,FECHANACIMEINTOUPERSONA) values (72,'Adalberto','Salinas','Jose','H','Adalberto@gmail.com','56-7812-8731','SalinasPass','789-451-899','SAJA0109',3,to_date('09-SEP-01','DD-MON-RR'));
Insert into ASALINASPROGRAMACIONNCAPAS.TBL_PERSONA_OP (IDUPERSONA,NOMBREUPERSONA,APELLIDOPATUPERSONA,APELLIDOMATUPERSONA,SEXOUPERSONA,CORREOUPERSONA,CELULARUPERSONA,UPERSONA_PASSWORD,UPERSONA_TELEFONO,UPERSONA_CURP,IDDIRECCION2,FECHANACIMEINTOUPERSONA) values (74,'Adalberto','Salinas','Jose','H','Adalberto@gmail.com','56-7812-8731','SalinasPass','789-451-899','SAJA-01SEP-009',3,to_date('09-SEP-01','DD-MON-RR'));
Insert into ASALINASPROGRAMACIONNCAPAS.TBL_PERSONA_OP (IDUPERSONA,NOMBREUPERSONA,APELLIDOPATUPERSONA,APELLIDOMATUPERSONA,SEXOUPERSONA,CORREOUPERSONA,CELULARUPERSONA,UPERSONA_PASSWORD,UPERSONA_TELEFONO,UPERSONA_CURP,IDDIRECCION2,FECHANACIMEINTOUPERSONA) values (75,'Adalberto','Salinas','Jose','H','Adalberto@gmail.com','56-7812-8731','SalinasPass','789-451-899','SAJA010909',3,to_date('09-SEP-01','DD-MON-RR'));
Insert into ASALINASPROGRAMACIONNCAPAS.TBL_PERSONA_OP (IDUPERSONA,NOMBREUPERSONA,APELLIDOPATUPERSONA,APELLIDOMATUPERSONA,SEXOUPERSONA,CORREOUPERSONA,CELULARUPERSONA,UPERSONA_PASSWORD,UPERSONA_TELEFONO,UPERSONA_CURP,IDDIRECCION2,FECHANACIMEINTOUPERSONA) values (76,'Adalberto','Salinas','Jose','H','Adalberto@gmail.com','56-7812-8731','SalinasPass','789-451-899','SAJA010909H',3,to_date('09-SEP-01','DD-MON-RR'));
Insert into ASALINASPROGRAMACIONNCAPAS.TBL_PERSONA_OP (IDUPERSONA,NOMBREUPERSONA,APELLIDOPATUPERSONA,APELLIDOMATUPERSONA,SEXOUPERSONA,CORREOUPERSONA,CELULARUPERSONA,UPERSONA_PASSWORD,UPERSONA_TELEFONO,UPERSONA_CURP,IDDIRECCION2,FECHANACIMEINTOUPERSONA) values (77,'Adalberto','Salinas','Jose','H','Adalberto@gmail.com','56-7812-8731','SalinasPass','789-451-899','SAJA010909H0SJD',3,to_date('09-SEP-01','DD-MON-RR'));
Insert into ASALINASPROGRAMACIONNCAPAS.TBL_PERSONA_OP (IDUPERSONA,NOMBREUPERSONA,APELLIDOPATUPERSONA,APELLIDOMATUPERSONA,SEXOUPERSONA,CORREOUPERSONA,CELULARUPERSONA,UPERSONA_PASSWORD,UPERSONA_TELEFONO,UPERSONA_CURP,IDDIRECCION2,FECHANACIMEINTOUPERSONA) values (78,'Adalberto','Salinas','Jose','H','Adalberto@gmail.com','56-7812-8731','SalinasPass','789-451-899','SAJA010909H0NL',3,to_date('09-SEP-01','DD-MON-RR'));
Insert into ASALINASPROGRAMACIONNCAPAS.TBL_PERSONA_OP (IDUPERSONA,NOMBREUPERSONA,APELLIDOPATUPERSONA,APELLIDOMATUPERSONA,SEXOUPERSONA,CORREOUPERSONA,CELULARUPERSONA,UPERSONA_PASSWORD,UPERSONA_TELEFONO,UPERSONA_CURP,IDDIRECCION2,FECHANACIMEINTOUPERSONA) values (79,'Adalberto','Salinas','Jose','H','Adalberto@gmail.com','56-7812-8731','SalinasPass','789-451-899','SAJA010909H0ND',3,to_date('09-SEP-01','DD-MON-RR'));
Insert into ASALINASPROGRAMACIONNCAPAS.TBL_PERSONA_OP (IDUPERSONA,NOMBREUPERSONA,APELLIDOPATUPERSONA,APELLIDOMATUPERSONA,SEXOUPERSONA,CORREOUPERSONA,CELULARUPERSONA,UPERSONA_PASSWORD,UPERSONA_TELEFONO,UPERSONA_CURP,IDDIRECCION2,FECHANACIMEINTOUPERSONA) values (80,'Adalberto','Salinas','Jose','H','Adalberto@gmail.com','56-7812-8731','SalinasPass','789-451-899','SAJA010909H0SD',3,to_date('09-SEP-01','DD-MON-RR'));
Insert into ASALINASPROGRAMACIONNCAPAS.TBL_PERSONA_OP (IDUPERSONA,NOMBREUPERSONA,APELLIDOPATUPERSONA,APELLIDOMATUPERSONA,SEXOUPERSONA,CORREOUPERSONA,CELULARUPERSONA,UPERSONA_PASSWORD,UPERSONA_TELEFONO,UPERSONA_CURP,IDDIRECCION2,FECHANACIMEINTOUPERSONA) values (81,'Adalberto','Salinas','Jose','H','Adalberto@gmail.com','56-7812-8731','SalinasPass','789-451-899','SAJA010909H0LSD',3,to_date('09-SEP-01','DD-MON-RR'));
Insert into ASALINASPROGRAMACIONNCAPAS.TBL_PERSONA_OP (IDUPERSONA,NOMBREUPERSONA,APELLIDOPATUPERSONA,APELLIDOMATUPERSONA,SEXOUPERSONA,CORREOUPERSONA,CELULARUPERSONA,UPERSONA_PASSWORD,UPERSONA_TELEFONO,UPERSONA_CURP,IDDIRECCION2,FECHANACIMEINTOUPERSONA) values (84,'Adalberto','Salinas','Jose','H','Adalberto@gmail.com','56-7812-8731','SalinasPass','789-451-899','SAJA010909HMELSD',3,to_date('09-SEP-01','DD-MON-RR'));
Insert into ASALINASPROGRAMACIONNCAPAS.TBL_PERSONA_OP (IDUPERSONA,NOMBREUPERSONA,APELLIDOPATUPERSONA,APELLIDOMATUPERSONA,SEXOUPERSONA,CORREOUPERSONA,CELULARUPERSONA,UPERSONA_PASSWORD,UPERSONA_TELEFONO,UPERSONA_CURP,IDDIRECCION2,FECHANACIMEINTOUPERSONA) values (1,'Sofía','Ramírez','Gómez','M','sofia.ramirez98@email.com','5649783510','password','password','CURP',1,null);
Insert into ASALINASPROGRAMACIONNCAPAS.TBL_PERSONA_OP (IDUPERSONA,NOMBREUPERSONA,APELLIDOPATUPERSONA,APELLIDOMATUPERSONA,SEXOUPERSONA,CORREOUPERSONA,CELULARUPERSONA,UPERSONA_PASSWORD,UPERSONA_TELEFONO,UPERSONA_CURP,IDDIRECCION2,FECHANACIMEINTOUPERSONA) values (4,'Emiliano2','Gutiérrez','León','H','emiliano.gutierrez15@email.com','5520369748','password','password','CURP',2,null);
Insert into ASALINASPROGRAMACIONNCAPAS.TBL_PERSONA_OP (IDUPERSONA,NOMBREUPERSONA,APELLIDOPATUPERSONA,APELLIDOMATUPERSONA,SEXOUPERSONA,CORREOUPERSONA,CELULARUPERSONA,UPERSONA_PASSWORD,UPERSONA_TELEFONO,UPERSONA_CURP,IDDIRECCION2,FECHANACIMEINTOUPERSONA) values (41,'oscar','salinas','jose','H','oscar@email.com','55-4987-4615','passOScar','984-465-423','oscarCurp',21,null);
REM INSERTING into ASALINASPROGRAMACIONNCAPAS.UPERSONA
SET DEFINE OFF;
Insert into ASALINASPROGRAMACIONNCAPAS.UPERSONA (FECHANACIMEINTOUPERSONA,UPERSONA_NOMBRE) values (to_date('22-MAY-25','DD-MON-RR'),'hola');
Insert into ASALINASPROGRAMACIONNCAPAS.UPERSONA (FECHANACIMEINTOUPERSONA,UPERSONA_NOMBRE) values (to_date('03-MAY-98','DD-MON-RR'),'hola');
Insert into ASALINASPROGRAMACIONNCAPAS.UPERSONA (FECHANACIMEINTOUPERSONA,UPERSONA_NOMBRE) values (to_date('05-FEB-15','DD-MON-RR'),'hola');
REM INSERTING into ASALINASPROGRAMACIONNCAPAS.USUARIO
SET DEFINE OFF;
Insert into ASALINASPROGRAMACIONNCAPAS.USUARIO (IDUSUARIO,NOMBREUSUARIO,APELLIDOPATUSUARIO,APELLIDOMATUSUARIO,FECHANACIMEINTOUSUARIO,SEXOUSUARIO,CORREOUSUARIO,CELULARUSUARIO,PASSWORDUSUARIO,TELEFONOUSUARIO,CURPUSUARIO,USERNAMEUSUARIO,IDROLL,ACTIVOUSUARIO) values (21,'Adalberto','Salinas','Jose',to_date('22-MAY-25','DD-MON-RR'),'H','Adalberto.salinas@email.com','5516437880','salinas21p','(55)1234-5678','salinas21curp','salinas21',1,1);
Insert into ASALINASPROGRAMACIONNCAPAS.USUARIO (IDUSUARIO,NOMBREUSUARIO,APELLIDOPATUSUARIO,APELLIDOMATUSUARIO,FECHANACIMEINTOUSUARIO,SEXOUSUARIO,CORREOUSUARIO,CELULARUSUARIO,PASSWORDUSUARIO,TELEFONOUSUARIO,CURPUSUARIO,USERNAMEUSUARIO,IDROLL,ACTIVOUSUARIO) values (45,'Bryan','Carrillo','Vega',to_date('02-AUG-88','DD-MON-RR'),'H','bryan.vega@email.com','5546798234','carrillo45p','(55)1234-5678','carrillo45curp','carrillo45',1,1);
Insert into ASALINASPROGRAMACIONNCAPAS.USUARIO (IDUSUARIO,NOMBREUSUARIO,APELLIDOPATUSUARIO,APELLIDOMATUSUARIO,FECHANACIMEINTOUSUARIO,SEXOUSUARIO,CORREOUSUARIO,CELULARUSUARIO,PASSWORDUSUARIO,TELEFONOUSUARIO,CURPUSUARIO,USERNAMEUSUARIO,IDROLL,ACTIVOUSUARIO) values (142,'marco','salinas','jose',to_date('01-OCT-11','DD-MON-RR'),'H','marco@email.com','55-4987-4615','Monki123#','984-465-423','marcosCurp','UserMarco',3,1);
Insert into ASALINASPROGRAMACIONNCAPAS.USUARIO (IDUSUARIO,NOMBREUSUARIO,APELLIDOPATUSUARIO,APELLIDOMATUSUARIO,FECHANACIMEINTOUSUARIO,SEXOUSUARIO,CORREOUSUARIO,CELULARUSUARIO,PASSWORDUSUARIO,TELEFONOUSUARIO,CURPUSUARIO,USERNAMEUSUARIO,IDROLL,ACTIVOUSUARIO) values (1,'Sofía','Ramírez','Gómez',to_date('03-MAY-98','DD-MON-RR'),'M','sofia.ramirez98@email.com','1234567890','ramírez1p','(55)1234-5678','ramírez1curp','ramírez1',3,1);
Insert into ASALINASPROGRAMACIONNCAPAS.USUARIO (IDUSUARIO,NOMBREUSUARIO,APELLIDOPATUSUARIO,APELLIDOMATUSUARIO,FECHANACIMEINTOUSUARIO,SEXOUSUARIO,CORREOUSUARIO,CELULARUSUARIO,PASSWORDUSUARIO,TELEFONOUSUARIO,CURPUSUARIO,USERNAMEUSUARIO,IDROLL,ACTIVOUSUARIO) values (2,'Mateo','Fernández','López',to_date('14-JUL-02','DD-MON-RR'),'H','mateo.fernandez02@email.com','5523547981','fernández2p','(55)1234-5678','fernández2curp','fernández2',4,1);
Insert into ASALINASPROGRAMACIONNCAPAS.USUARIO (IDUSUARIO,NOMBREUSUARIO,APELLIDOPATUSUARIO,APELLIDOMATUSUARIO,FECHANACIMEINTOUSUARIO,SEXOUSUARIO,CORREOUSUARIO,CELULARUSUARIO,PASSWORDUSUARIO,TELEFONOUSUARIO,CURPUSUARIO,USERNAMEUSUARIO,IDROLL,ACTIVOUSUARIO) values (3,'Valentina','Herrera','Castillo',to_date('22-NOV-95','DD-MON-RR'),'M','valentina.herrera95@email.com','5545528700','herrera3p','(55)1234-5678','herrera3curp','herrera3',2,1);
Insert into ASALINASPROGRAMACIONNCAPAS.USUARIO (IDUSUARIO,NOMBREUSUARIO,APELLIDOPATUSUARIO,APELLIDOMATUSUARIO,FECHANACIMEINTOUSUARIO,SEXOUSUARIO,CORREOUSUARIO,CELULARUSUARIO,PASSWORDUSUARIO,TELEFONOUSUARIO,CURPUSUARIO,USERNAMEUSUARIO,IDROLL,ACTIVOUSUARIO) values (4,'Alejandro','Méndez','Vargas',to_date('08-SEP-87','DD-MON-RR'),'H','alejandro.mendez87@email.com','5684963576','méndez4p','(55)1234-5678','méndez4curp','méndez4',2,1);
Insert into ASALINASPROGRAMACIONNCAPAS.USUARIO (IDUSUARIO,NOMBREUSUARIO,APELLIDOPATUSUARIO,APELLIDOMATUSUARIO,FECHANACIMEINTOUSUARIO,SEXOUSUARIO,CORREOUSUARIO,CELULARUSUARIO,PASSWORDUSUARIO,TELEFONOUSUARIO,CURPUSUARIO,USERNAMEUSUARIO,IDROLL,ACTIVOUSUARIO) values (5,'Isabella','Ortega','Morales',to_date('30-JAN-10','DD-MON-RR'),'M','isabella.ortega10@email.com','5541228976','ortega5p','(55)1234-5678','ortega5curp','ortega5',4,1);
Insert into ASALINASPROGRAMACIONNCAPAS.USUARIO (IDUSUARIO,NOMBREUSUARIO,APELLIDOPATUSUARIO,APELLIDOMATUSUARIO,FECHANACIMEINTOUSUARIO,SEXOUSUARIO,CORREOUSUARIO,CELULARUSUARIO,PASSWORDUSUARIO,TELEFONOUSUARIO,CURPUSUARIO,USERNAMEUSUARIO,IDROLL,ACTIVOUSUARIO) values (6,'Leonardo','Navarro','Sánchez',to_date('17-JUN-93','DD-MON-RR'),'H','leonardo.navarro93@email.com','5569833640','navarro6p','(55)1234-5678','navarro6curp','navarro6',1,1);
Insert into ASALINASPROGRAMACIONNCAPAS.USUARIO (IDUSUARIO,NOMBREUSUARIO,APELLIDOPATUSUARIO,APELLIDOMATUSUARIO,FECHANACIMEINTOUSUARIO,SEXOUSUARIO,CORREOUSUARIO,CELULARUSUARIO,PASSWORDUSUARIO,TELEFONOUSUARIO,CURPUSUARIO,USERNAMEUSUARIO,IDROLL,ACTIVOUSUARIO) values (7,'Camila','Rojas','Pérez',to_date('25-DEC-05','DD-MON-RR'),'M','camila.rojas05@email.com','5622347985','rojas7p','(55)1234-5678','rojas7curp','rojas7',5,1);
Insert into ASALINASPROGRAMACIONNCAPAS.USUARIO (IDUSUARIO,NOMBREUSUARIO,APELLIDOPATUSUARIO,APELLIDOMATUSUARIO,FECHANACIMEINTOUSUARIO,SEXOUSUARIO,CORREOUSUARIO,CELULARUSUARIO,PASSWORDUSUARIO,TELEFONOUSUARIO,CURPUSUARIO,USERNAMEUSUARIO,IDROLL,ACTIVOUSUARIO) values (8,'Diego','Martínez','Silva',to_date('10-APR-80','DD-MON-RR'),'H','diego.martinez80@email.com','5613498267','martínez8p','(55)1234-5678','martínez8curp','martínez8',5,1);
Insert into ASALINASPROGRAMACIONNCAPAS.USUARIO (IDUSUARIO,NOMBREUSUARIO,APELLIDOPATUSUARIO,APELLIDOMATUSUARIO,FECHANACIMEINTOUSUARIO,SEXOUSUARIO,CORREOUSUARIO,CELULARUSUARIO,PASSWORDUSUARIO,TELEFONOUSUARIO,CURPUSUARIO,USERNAMEUSUARIO,IDROLL,ACTIVOUSUARIO) values (9,'Natalia','Cruz','Torres',to_date('19-AUG-99','DD-MON-RR'),'M','natalia.cruz99@email.com','5546978534','cruz9p','(55)1234-5678','cruz9curp','cruz9',2,1);
Insert into ASALINASPROGRAMACIONNCAPAS.USUARIO (IDUSUARIO,NOMBREUSUARIO,APELLIDOPATUSUARIO,APELLIDOMATUSUARIO,FECHANACIMEINTOUSUARIO,SEXOUSUARIO,CORREOUSUARIO,CELULARUSUARIO,PASSWORDUSUARIO,TELEFONOUSUARIO,CURPUSUARIO,USERNAMEUSUARIO,IDROLL,ACTIVOUSUARIO) values (10,'Emiliano','Gutiérrez','León',to_date('05-FEB-15','DD-MON-RR'),'H','emiliano.gutierrez15@email.com','5520369748','gutiérrez10p','(55)1234-5678','gutiérrez10curp','gutiérrez10',2,0);
Insert into ASALINASPROGRAMACIONNCAPAS.USUARIO (IDUSUARIO,NOMBREUSUARIO,APELLIDOPATUSUARIO,APELLIDOMATUSUARIO,FECHANACIMEINTOUSUARIO,SEXOUSUARIO,CORREOUSUARIO,CELULARUSUARIO,PASSWORDUSUARIO,TELEFONOUSUARIO,CURPUSUARIO,USERNAMEUSUARIO,IDROLL,ACTIVOUSUARIO) values (12,'Maurcio','Castillos','Monjez',to_date('28-AUG-13','DD-MON-RR'),'H','Maurcio@email.com','55-4987-4615','passMaurcio','984-465-423','MaurcioCurp','UserMauricio',2,1);
Insert into ASALINASPROGRAMACIONNCAPAS.USUARIO (IDUSUARIO,NOMBREUSUARIO,APELLIDOPATUSUARIO,APELLIDOMATUSUARIO,FECHANACIMEINTOUSUARIO,SEXOUSUARIO,CORREOUSUARIO,CELULARUSUARIO,PASSWORDUSUARIO,TELEFONOUSUARIO,CURPUSUARIO,USERNAMEUSUARIO,IDROLL,ACTIVOUSUARIO) values (102,'Alejandro','Ruiz','Perez',to_date('10-APR-16','DD-MON-RR'),'H','alex@emial.com','55-9874-5135','ruizPass','554-487-165','alexCurp','UserPerez',3,1);
Insert into ASALINASPROGRAMACIONNCAPAS.USUARIO (IDUSUARIO,NOMBREUSUARIO,APELLIDOPATUSUARIO,APELLIDOMATUSUARIO,FECHANACIMEINTOUSUARIO,SEXOUSUARIO,CORREOUSUARIO,CELULARUSUARIO,PASSWORDUSUARIO,TELEFONOUSUARIO,CURPUSUARIO,USERNAMEUSUARIO,IDROLL,ACTIVOUSUARIO) values (68,'gerogina','luna','marquez',to_date('15-JUL-01','DD-MON-RR'),'M','gina@gmail.com','56-9843-5641','luna1234','689-984-354','GinaCurp','ginaChiquita',2,1);
Insert into ASALINASPROGRAMACIONNCAPAS.USUARIO (IDUSUARIO,NOMBREUSUARIO,APELLIDOPATUSUARIO,APELLIDOMATUSUARIO,FECHANACIMEINTOUSUARIO,SEXOUSUARIO,CORREOUSUARIO,CELULARUSUARIO,PASSWORDUSUARIO,TELEFONOUSUARIO,CURPUSUARIO,USERNAMEUSUARIO,IDROLL,ACTIVOUSUARIO) values (144,'Jacobo','Pilates','Antiguo',to_date('02-FEB-04','DD-MON-RR'),'H','jacobo@gmail.com','55-46984-46515','JacoboPass123#','54-6515-3452','AntiguoCurp','JacoboGrande',5,1);
Insert into ASALINASPROGRAMACIONNCAPAS.USUARIO (IDUSUARIO,NOMBREUSUARIO,APELLIDOPATUSUARIO,APELLIDOMATUSUARIO,FECHANACIMEINTOUSUARIO,SEXOUSUARIO,CORREOUSUARIO,CELULARUSUARIO,PASSWORDUSUARIO,TELEFONOUSUARIO,CURPUSUARIO,USERNAMEUSUARIO,IDROLL,ACTIVOUSUARIO) values (145,'Pancracia','Cejon','Papada',to_date('02-FEB-15','DD-MON-RR'),'M','papada@email.com','55-46984-46515','Papadas12#','54-6515-3452','PapadasCurp','PatillasATM',2,1);
Insert into ASALINASPROGRAMACIONNCAPAS.USUARIO (IDUSUARIO,NOMBREUSUARIO,APELLIDOPATUSUARIO,APELLIDOMATUSUARIO,FECHANACIMEINTOUSUARIO,SEXOUSUARIO,CORREOUSUARIO,CELULARUSUARIO,PASSWORDUSUARIO,TELEFONOUSUARIO,CURPUSUARIO,USERNAMEUSUARIO,IDROLL,ACTIVOUSUARIO) values (161,'Adalberto','Salinas','Jose',to_date('01-JAN-01','DD-MON-RR'),'H','Adalberto@email.com','55-4987-4615','passSalinas','984-465-423','SAJA010101HMELSD','UserJose',3,1);
Insert into ASALINASPROGRAMACIONNCAPAS.USUARIO (IDUSUARIO,NOMBREUSUARIO,APELLIDOPATUSUARIO,APELLIDOMATUSUARIO,FECHANACIMEINTOUSUARIO,SEXOUSUARIO,CORREOUSUARIO,CELULARUSUARIO,PASSWORDUSUARIO,TELEFONOUSUARIO,CURPUSUARIO,USERNAMEUSUARIO,IDROLL,ACTIVOUSUARIO) values (171,'Oscar','Salinas','Jose',to_date('09-SEP-01','DD-MON-RR'),'H','Oscar@email.com','55-4987-4615','passSalinas2','984-465-423','SAJO010909HPLLSS','UserJose3',3,1);
Insert into ASALINASPROGRAMACIONNCAPAS.USUARIO (IDUSUARIO,NOMBREUSUARIO,APELLIDOPATUSUARIO,APELLIDOMATUSUARIO,FECHANACIMEINTOUSUARIO,SEXOUSUARIO,CORREOUSUARIO,CELULARUSUARIO,PASSWORDUSUARIO,TELEFONOUSUARIO,CURPUSUARIO,USERNAMEUSUARIO,IDROLL,ACTIVOUSUARIO) values (101,'oscar','salinas','jose',to_date('01-OCT-11','DD-MON-RR'),'H','oscar@email.com','55-4987-4615','UserOscar','984-465-423','oscarCurp','passOScar',3,1);
Insert into ASALINASPROGRAMACIONNCAPAS.USUARIO (IDUSUARIO,NOMBREUSUARIO,APELLIDOPATUSUARIO,APELLIDOMATUSUARIO,FECHANACIMEINTOUSUARIO,SEXOUSUARIO,CORREOUSUARIO,CELULARUSUARIO,PASSWORDUSUARIO,TELEFONOUSUARIO,CURPUSUARIO,USERNAMEUSUARIO,IDROLL,ACTIVOUSUARIO) values (126,'Kevin','Arandadno','Moy',to_date('01-JAN-98','DD-MON-RR'),'H','example@email.com','55-46984-46515','ibuprofeno','7776660098','kevinCurp','kmedrano01256',1,1);
Insert into ASALINASPROGRAMACIONNCAPAS.USUARIO (IDUSUARIO,NOMBREUSUARIO,APELLIDOPATUSUARIO,APELLIDOMATUSUARIO,FECHANACIMEINTOUSUARIO,SEXOUSUARIO,CORREOUSUARIO,CELULARUSUARIO,PASSWORDUSUARIO,TELEFONOUSUARIO,CURPUSUARIO,USERNAMEUSUARIO,IDROLL,ACTIVOUSUARIO) values (65,'dulce','odalys','lujano',to_date('27-MAY-25','DD-MON-RR'),'M','dulce@gmail.com','55-6549-7914','valeriano1234','45-654-546','dulceCurp','dulcecita',2,1);
Insert into ASALINASPROGRAMACIONNCAPAS.USUARIO (IDUSUARIO,NOMBREUSUARIO,APELLIDOPATUSUARIO,APELLIDOMATUSUARIO,FECHANACIMEINTOUSUARIO,SEXOUSUARIO,CORREOUSUARIO,CELULARUSUARIO,PASSWORDUSUARIO,TELEFONOUSUARIO,CURPUSUARIO,USERNAMEUSUARIO,IDROLL,ACTIVOUSUARIO) values (121,'Daniel','Perez','Herrera',to_date('15-FEB-98','DD-MON-RR'),'H','daniel@gmail.com','56-7812-8731','perezPass','789-451-899','danielCurp','herreraUser',3,1);
Insert into ASALINASPROGRAMACIONNCAPAS.USUARIO (IDUSUARIO,NOMBREUSUARIO,APELLIDOPATUSUARIO,APELLIDOMATUSUARIO,FECHANACIMEINTOUSUARIO,SEXOUSUARIO,CORREOUSUARIO,CELULARUSUARIO,PASSWORDUSUARIO,TELEFONOUSUARIO,CURPUSUARIO,USERNAMEUSUARIO,IDROLL,ACTIVOUSUARIO) values (124,'Kevin','Medrano','Arellano',to_date('21-DEC-01','DD-MON-RR'),'H','kmedrano@digis.com','7776660098','qwerty1234','7776660098','MEAK011221HDGDRVA4','kmedrano01',2,1);
Insert into ASALINASPROGRAMACIONNCAPAS.USUARIO (IDUSUARIO,NOMBREUSUARIO,APELLIDOPATUSUARIO,APELLIDOMATUSUARIO,FECHANACIMEINTOUSUARIO,SEXOUSUARIO,CORREOUSUARIO,CELULARUSUARIO,PASSWORDUSUARIO,TELEFONOUSUARIO,CURPUSUARIO,USERNAMEUSUARIO,IDROLL,ACTIVOUSUARIO) values (127,'Alejandro','Garcia','Marquez',to_date('12-DEC-12','DD-MON-RR'),'H','alejandro@example.com','7776660098','Paracetamol','7776660098','GarciaCurp','alexElLeon',2,1);
REM INSERTING into ASALINASPROGRAMACIONNCAPAS.USUARIOGETALLVW
SET DEFINE OFF;
Insert into ASALINASPROGRAMACIONNCAPAS.USUARIOGETALLVW (IDUSUARIO,NOMBREUSUARIO,APELLIDOPATUSUARIO,APELLIDOMATUSUARIO,FECHANACIMEINTOUSUARIO,SEXOUSUARIO,CORREOUSUARIO,CELULARUSUARIO,PASSWORDUSUARIO,TELEFONOUSUARIO,CURPUSUARIO,USERNAMEUSUARIO,ACTIVOUSUARIO,IDROLL,NOMBREROLL,IDDIRECCION,CALLE,NUMEROINTERIOR,NUMEROEXTERIOR,IDCOLONIA,NOMBRECOLONIA,CODIGOPOSTAL,IDMUNICIPIO,NOMBREMUNICIPIO,IDESTADO,NOMBREESTADO,IDPAIS,NOMBREPAIS) values (1,'Sofía','Ramírez','Gómez',to_date('03-MAY-98','DD-MON-RR'),'M','sofia.ramirez98@email.com','1234567890','ramírez1p','(55)1234-5678','ramírez1curp','ramírez1',1,3,'cliente',1,'Rio Chico','14','5',1,'Barrio Belem','54900',1,'Tultilan',1,'Edo. Mexico',1,'Mexico');
Insert into ASALINASPROGRAMACIONNCAPAS.USUARIOGETALLVW (IDUSUARIO,NOMBREUSUARIO,APELLIDOPATUSUARIO,APELLIDOMATUSUARIO,FECHANACIMEINTOUSUARIO,SEXOUSUARIO,CORREOUSUARIO,CELULARUSUARIO,PASSWORDUSUARIO,TELEFONOUSUARIO,CURPUSUARIO,USERNAMEUSUARIO,ACTIVOUSUARIO,IDROLL,NOMBREROLL,IDDIRECCION,CALLE,NUMEROINTERIOR,NUMEROEXTERIOR,IDCOLONIA,NOMBRECOLONIA,CODIGOPOSTAL,IDMUNICIPIO,NOMBREMUNICIPIO,IDESTADO,NOMBREESTADO,IDPAIS,NOMBREPAIS) values (2,'Mateo','Fernández','López',to_date('14-JUL-02','DD-MON-RR'),'H','mateo.fernandez02@email.com','5523547981','fernández2p','(55)1234-5678','fernández2curp','fernández2',1,4,'empleado de planta',2,'Venustiano Carranza','16','48',4,'Barrio Capula','54603',2,'Tepozotlan',1,'Edo. Mexico',1,'Mexico');
Insert into ASALINASPROGRAMACIONNCAPAS.USUARIOGETALLVW (IDUSUARIO,NOMBREUSUARIO,APELLIDOPATUSUARIO,APELLIDOMATUSUARIO,FECHANACIMEINTOUSUARIO,SEXOUSUARIO,CORREOUSUARIO,CELULARUSUARIO,PASSWORDUSUARIO,TELEFONOUSUARIO,CURPUSUARIO,USERNAMEUSUARIO,ACTIVOUSUARIO,IDROLL,NOMBREROLL,IDDIRECCION,CALLE,NUMEROINTERIOR,NUMEROEXTERIOR,IDCOLONIA,NOMBRECOLONIA,CODIGOPOSTAL,IDMUNICIPIO,NOMBREMUNICIPIO,IDESTADO,NOMBREESTADO,IDPAIS,NOMBREPAIS) values (3,'Valentina','Herrera','Castillo',to_date('22-NOV-95','DD-MON-RR'),'M','valentina.herrera95@email.com','5545528700','herrera3p','(55)1234-5678','herrera3curp','herrera3',1,2,'supervisor',3,'Madero ','1','5',5,'Colonia Hidalgo','55708',3,'Coacalco',1,'Edo. Mexico',1,'Mexico');
Insert into ASALINASPROGRAMACIONNCAPAS.USUARIOGETALLVW (IDUSUARIO,NOMBREUSUARIO,APELLIDOPATUSUARIO,APELLIDOMATUSUARIO,FECHANACIMEINTOUSUARIO,SEXOUSUARIO,CORREOUSUARIO,CELULARUSUARIO,PASSWORDUSUARIO,TELEFONOUSUARIO,CURPUSUARIO,USERNAMEUSUARIO,ACTIVOUSUARIO,IDROLL,NOMBREROLL,IDDIRECCION,CALLE,NUMEROINTERIOR,NUMEROEXTERIOR,IDCOLONIA,NOMBRECOLONIA,CODIGOPOSTAL,IDMUNICIPIO,NOMBREMUNICIPIO,IDESTADO,NOMBREESTADO,IDPAIS,NOMBREPAIS) values (4,'Alejandro','Méndez','Vargas',to_date('08-SEP-87','DD-MON-RR'),'H','alejandro.mendez87@email.com','5684963576','méndez4p','(55)1234-5678','méndez4curp','méndez4',1,2,'supervisor',4,'Cumbria','10','15',21,'San Diego','202018',11,'La Paz',4,'Cesar',2,'Colombia');
Insert into ASALINASPROGRAMACIONNCAPAS.USUARIOGETALLVW (IDUSUARIO,NOMBREUSUARIO,APELLIDOPATUSUARIO,APELLIDOMATUSUARIO,FECHANACIMEINTOUSUARIO,SEXOUSUARIO,CORREOUSUARIO,CELULARUSUARIO,PASSWORDUSUARIO,TELEFONOUSUARIO,CURPUSUARIO,USERNAMEUSUARIO,ACTIVOUSUARIO,IDROLL,NOMBREROLL,IDDIRECCION,CALLE,NUMEROINTERIOR,NUMEROEXTERIOR,IDCOLONIA,NOMBRECOLONIA,CODIGOPOSTAL,IDMUNICIPIO,NOMBREMUNICIPIO,IDESTADO,NOMBREESTADO,IDPAIS,NOMBREPAIS) values (5,'Isabella','Ortega','Morales',to_date('30-JAN-10','DD-MON-RR'),'M','isabella.ortega10@email.com','5541228976','ortega5p','(55)1234-5678','ortega5curp','ortega5',1,4,'empleado de planta',5,'Mariano Escobedo','98','13',4,'Barrio Capula','54603',2,'Tepozotlan',1,'Edo. Mexico',1,'Mexico');
Insert into ASALINASPROGRAMACIONNCAPAS.USUARIOGETALLVW (IDUSUARIO,NOMBREUSUARIO,APELLIDOPATUSUARIO,APELLIDOMATUSUARIO,FECHANACIMEINTOUSUARIO,SEXOUSUARIO,CORREOUSUARIO,CELULARUSUARIO,PASSWORDUSUARIO,TELEFONOUSUARIO,CURPUSUARIO,USERNAMEUSUARIO,ACTIVOUSUARIO,IDROLL,NOMBREROLL,IDDIRECCION,CALLE,NUMEROINTERIOR,NUMEROEXTERIOR,IDCOLONIA,NOMBRECOLONIA,CODIGOPOSTAL,IDMUNICIPIO,NOMBREMUNICIPIO,IDESTADO,NOMBREESTADO,IDPAIS,NOMBREPAIS) values (6,'Leonardo','Navarro','Sánchez',to_date('17-JUN-93','DD-MON-RR'),'H','leonardo.navarro93@email.com','5569833640','navarro6p','(55)1234-5678','navarro6curp','navarro6',1,1,'admin',6,'Santa Barbara','451','14',2,'Colonia La Joya','54944',1,'Tultilan',1,'Edo. Mexico',1,'Mexico');
Insert into ASALINASPROGRAMACIONNCAPAS.USUARIOGETALLVW (IDUSUARIO,NOMBREUSUARIO,APELLIDOPATUSUARIO,APELLIDOMATUSUARIO,FECHANACIMEINTOUSUARIO,SEXOUSUARIO,CORREOUSUARIO,CELULARUSUARIO,PASSWORDUSUARIO,TELEFONOUSUARIO,CURPUSUARIO,USERNAMEUSUARIO,ACTIVOUSUARIO,IDROLL,NOMBREROLL,IDDIRECCION,CALLE,NUMEROINTERIOR,NUMEROEXTERIOR,IDCOLONIA,NOMBRECOLONIA,CODIGOPOSTAL,IDMUNICIPIO,NOMBREMUNICIPIO,IDESTADO,NOMBREESTADO,IDPAIS,NOMBREPAIS) values (7,'Camila','Rojas','Pérez',to_date('25-DEC-05','DD-MON-RR'),'M','camila.rojas05@email.com','5622347985','rojas7p','(55)1234-5678','rojas7curp','rojas7',1,5,'empleado exterior',7,'Benito Juarez','213','55',54,'Aromos','3037',27,'Caseros',9,'Santa Fe',3,'Argentina');
Insert into ASALINASPROGRAMACIONNCAPAS.USUARIOGETALLVW (IDUSUARIO,NOMBREUSUARIO,APELLIDOPATUSUARIO,APELLIDOMATUSUARIO,FECHANACIMEINTOUSUARIO,SEXOUSUARIO,CORREOUSUARIO,CELULARUSUARIO,PASSWORDUSUARIO,TELEFONOUSUARIO,CURPUSUARIO,USERNAMEUSUARIO,ACTIVOUSUARIO,IDROLL,NOMBREROLL,IDDIRECCION,CALLE,NUMEROINTERIOR,NUMEROEXTERIOR,IDCOLONIA,NOMBRECOLONIA,CODIGOPOSTAL,IDMUNICIPIO,NOMBREMUNICIPIO,IDESTADO,NOMBREESTADO,IDPAIS,NOMBREPAIS) values (8,'Diego','Martínez','Silva',to_date('10-APR-80','DD-MON-RR'),'H','diego.martinez80@email.com','5613498267','martínez8p','(55)1234-5678','martínez8curp','martínez8',1,5,'empleado exterior',8,'El Infiernillo','15','68',22,'Jagua del Pilar','202017',11,'La Paz',4,'Cesar',2,'Colombia');
Insert into ASALINASPROGRAMACIONNCAPAS.USUARIOGETALLVW (IDUSUARIO,NOMBREUSUARIO,APELLIDOPATUSUARIO,APELLIDOMATUSUARIO,FECHANACIMEINTOUSUARIO,SEXOUSUARIO,CORREOUSUARIO,CELULARUSUARIO,PASSWORDUSUARIO,TELEFONOUSUARIO,CURPUSUARIO,USERNAMEUSUARIO,ACTIVOUSUARIO,IDROLL,NOMBREROLL,IDDIRECCION,CALLE,NUMEROINTERIOR,NUMEROEXTERIOR,IDCOLONIA,NOMBRECOLONIA,CODIGOPOSTAL,IDMUNICIPIO,NOMBREMUNICIPIO,IDESTADO,NOMBREESTADO,IDPAIS,NOMBREPAIS) values (9,'Natalia','Cruz','Torres',to_date('19-AUG-99','DD-MON-RR'),'M','natalia.cruz99@email.com','5546978534','cruz9p','(55)1234-5678','cruz9curp','cruz9',1,2,'supervisor',9,'Calle Del Hambre','11','489',13,'Barrio San Antonio','72980',7,'Amozoc',3,'Puebla',1,'Mexico');
Insert into ASALINASPROGRAMACIONNCAPAS.USUARIOGETALLVW (IDUSUARIO,NOMBREUSUARIO,APELLIDOPATUSUARIO,APELLIDOMATUSUARIO,FECHANACIMEINTOUSUARIO,SEXOUSUARIO,CORREOUSUARIO,CELULARUSUARIO,PASSWORDUSUARIO,TELEFONOUSUARIO,CURPUSUARIO,USERNAMEUSUARIO,ACTIVOUSUARIO,IDROLL,NOMBREROLL,IDDIRECCION,CALLE,NUMEROINTERIOR,NUMEROEXTERIOR,IDCOLONIA,NOMBRECOLONIA,CODIGOPOSTAL,IDMUNICIPIO,NOMBREMUNICIPIO,IDESTADO,NOMBREESTADO,IDPAIS,NOMBREPAIS) values (10,'Emiliano','Gutiérrez','León',to_date('05-FEB-15','DD-MON-RR'),'H','emiliano.gutierrez15@email.com','5520369748','gutiérrez10p','(55)1234-5678','gutiérrez10curp','gutiérrez10',0,2,'supervisor',10,'Paseos de Sta Maria','123','14',10,'Colonia Pumar','91040',5,'Xalapa',2,'Veracruz',1,'Mexico');
Insert into ASALINASPROGRAMACIONNCAPAS.USUARIOGETALLVW (IDUSUARIO,NOMBREUSUARIO,APELLIDOPATUSUARIO,APELLIDOMATUSUARIO,FECHANACIMEINTOUSUARIO,SEXOUSUARIO,CORREOUSUARIO,CELULARUSUARIO,PASSWORDUSUARIO,TELEFONOUSUARIO,CURPUSUARIO,USERNAMEUSUARIO,ACTIVOUSUARIO,IDROLL,NOMBREROLL,IDDIRECCION,CALLE,NUMEROINTERIOR,NUMEROEXTERIOR,IDCOLONIA,NOMBRECOLONIA,CODIGOPOSTAL,IDMUNICIPIO,NOMBREMUNICIPIO,IDESTADO,NOMBREESTADO,IDPAIS,NOMBREPAIS) values (12,'Maurcio','Castillos','Monjez',to_date('28-AUG-13','DD-MON-RR'),'H','Maurcio@email.com','55-4987-4615','passMaurcio','984-465-423','MaurcioCurp','UserMauricio',1,2,'supervisor',11,'Paseo de las Flores','128','69',22,'Jagua del Pilar','202017',11,'La Paz',4,'Cesar',2,'Colombia');
Insert into ASALINASPROGRAMACIONNCAPAS.USUARIOGETALLVW (IDUSUARIO,NOMBREUSUARIO,APELLIDOPATUSUARIO,APELLIDOMATUSUARIO,FECHANACIMEINTOUSUARIO,SEXOUSUARIO,CORREOUSUARIO,CELULARUSUARIO,PASSWORDUSUARIO,TELEFONOUSUARIO,CURPUSUARIO,USERNAMEUSUARIO,ACTIVOUSUARIO,IDROLL,NOMBREROLL,IDDIRECCION,CALLE,NUMEROINTERIOR,NUMEROEXTERIOR,IDCOLONIA,NOMBRECOLONIA,CODIGOPOSTAL,IDMUNICIPIO,NOMBREMUNICIPIO,IDESTADO,NOMBREESTADO,IDPAIS,NOMBREPAIS) values (21,'Adalberto','Salinas','Jose',to_date('22-MAY-25','DD-MON-RR'),'H','Adalberto.salinas@email.com','5516437880','salinas21p','(55)1234-5678','salinas21curp','salinas21',1,1,'admin',12,'Callejon del Laurel','789','87',3,'Barrio San Martin','54600',2,'Tepozotlan',1,'Edo. Mexico',1,'Mexico');
Insert into ASALINASPROGRAMACIONNCAPAS.USUARIOGETALLVW (IDUSUARIO,NOMBREUSUARIO,APELLIDOPATUSUARIO,APELLIDOMATUSUARIO,FECHANACIMEINTOUSUARIO,SEXOUSUARIO,CORREOUSUARIO,CELULARUSUARIO,PASSWORDUSUARIO,TELEFONOUSUARIO,CURPUSUARIO,USERNAMEUSUARIO,ACTIVOUSUARIO,IDROLL,NOMBREROLL,IDDIRECCION,CALLE,NUMEROINTERIOR,NUMEROEXTERIOR,IDCOLONIA,NOMBRECOLONIA,CODIGOPOSTAL,IDMUNICIPIO,NOMBREMUNICIPIO,IDESTADO,NOMBREESTADO,IDPAIS,NOMBREPAIS) values (45,'Bryan','Carrillo','Vega',to_date('02-AUG-88','DD-MON-RR'),'H','bryan.vega@email.com','5546798234','carrillo45p','(55)1234-5678','carrillo45curp','carrillo45',1,1,'admin',13,'Camino Real','77','15',9,'Colonia Nahuiollin','91013',5,'Xalapa',2,'Veracruz',1,'Mexico');
Insert into ASALINASPROGRAMACIONNCAPAS.USUARIOGETALLVW (IDUSUARIO,NOMBREUSUARIO,APELLIDOPATUSUARIO,APELLIDOMATUSUARIO,FECHANACIMEINTOUSUARIO,SEXOUSUARIO,CORREOUSUARIO,CELULARUSUARIO,PASSWORDUSUARIO,TELEFONOUSUARIO,CURPUSUARIO,USERNAMEUSUARIO,ACTIVOUSUARIO,IDROLL,NOMBREROLL,IDDIRECCION,CALLE,NUMEROINTERIOR,NUMEROEXTERIOR,IDCOLONIA,NOMBRECOLONIA,CODIGOPOSTAL,IDMUNICIPIO,NOMBREMUNICIPIO,IDESTADO,NOMBREESTADO,IDPAIS,NOMBREPAIS) values (65,'dulce','odalys','lujano',to_date('27-MAY-25','DD-MON-RR'),'M','dulce@gmail.com','55-6549-7914','valeriano1234','45-654-546','dulceCurp','dulcecita',1,2,'supervisor',14,'Calle del Silencio','456','23',8,'Colonia Mosvic','91576',4,'Coatepec',2,'Veracruz',1,'Mexico');
Insert into ASALINASPROGRAMACIONNCAPAS.USUARIOGETALLVW (IDUSUARIO,NOMBREUSUARIO,APELLIDOPATUSUARIO,APELLIDOMATUSUARIO,FECHANACIMEINTOUSUARIO,SEXOUSUARIO,CORREOUSUARIO,CELULARUSUARIO,PASSWORDUSUARIO,TELEFONOUSUARIO,CURPUSUARIO,USERNAMEUSUARIO,ACTIVOUSUARIO,IDROLL,NOMBREROLL,IDDIRECCION,CALLE,NUMEROINTERIOR,NUMEROEXTERIOR,IDCOLONIA,NOMBRECOLONIA,CODIGOPOSTAL,IDMUNICIPIO,NOMBREMUNICIPIO,IDESTADO,NOMBREESTADO,IDPAIS,NOMBREPAIS) values (68,'gerogina','luna','marquez',to_date('15-JUL-01','DD-MON-RR'),'M','gina@gmail.com','56-9843-5641','luna1234','689-984-354','GinaCurp','ginaChiquita',1,2,'supervisor',15,'Avenida de la Luna','498','89',11,'Ejido El Burro','96393',6,'Agua Dulce',2,'Veracruz',1,'Mexico');
Insert into ASALINASPROGRAMACIONNCAPAS.USUARIOGETALLVW (IDUSUARIO,NOMBREUSUARIO,APELLIDOPATUSUARIO,APELLIDOMATUSUARIO,FECHANACIMEINTOUSUARIO,SEXOUSUARIO,CORREOUSUARIO,CELULARUSUARIO,PASSWORDUSUARIO,TELEFONOUSUARIO,CURPUSUARIO,USERNAMEUSUARIO,ACTIVOUSUARIO,IDROLL,NOMBREROLL,IDDIRECCION,CALLE,NUMEROINTERIOR,NUMEROEXTERIOR,IDCOLONIA,NOMBRECOLONIA,CODIGOPOSTAL,IDMUNICIPIO,NOMBREMUNICIPIO,IDESTADO,NOMBREESTADO,IDPAIS,NOMBREPAIS) values (68,'gerogina','luna','marquez',to_date('15-JUL-01','DD-MON-RR'),'M','gina@gmail.com','56-9843-5641','luna1234','689-984-354','GinaCurp','ginaChiquita',1,2,'supervisor',21,'Reforma','piso 14','199',5,'Colonia Hidalgo','55708',3,'Coacalco',1,'Edo. Mexico',1,'Mexico');
Insert into ASALINASPROGRAMACIONNCAPAS.USUARIOGETALLVW (IDUSUARIO,NOMBREUSUARIO,APELLIDOPATUSUARIO,APELLIDOMATUSUARIO,FECHANACIMEINTOUSUARIO,SEXOUSUARIO,CORREOUSUARIO,CELULARUSUARIO,PASSWORDUSUARIO,TELEFONOUSUARIO,CURPUSUARIO,USERNAMEUSUARIO,ACTIVOUSUARIO,IDROLL,NOMBREROLL,IDDIRECCION,CALLE,NUMEROINTERIOR,NUMEROEXTERIOR,IDCOLONIA,NOMBRECOLONIA,CODIGOPOSTAL,IDMUNICIPIO,NOMBREMUNICIPIO,IDESTADO,NOMBREESTADO,IDPAIS,NOMBREPAIS) values (101,'oscar','salinas','jose',to_date('01-OCT-11','DD-MON-RR'),'H','oscar@email.com','55-4987-4615','UserOscar','984-465-423','oscarCurp','passOScar',1,3,'cliente',16,'Avenida Siempre Viva','478','45',34,'Cienaga de Oro','230557',17,'Cerete',6,'Cordoba',2,'Colombia');
Insert into ASALINASPROGRAMACIONNCAPAS.USUARIOGETALLVW (IDUSUARIO,NOMBREUSUARIO,APELLIDOPATUSUARIO,APELLIDOMATUSUARIO,FECHANACIMEINTOUSUARIO,SEXOUSUARIO,CORREOUSUARIO,CELULARUSUARIO,PASSWORDUSUARIO,TELEFONOUSUARIO,CURPUSUARIO,USERNAMEUSUARIO,ACTIVOUSUARIO,IDROLL,NOMBREROLL,IDDIRECCION,CALLE,NUMEROINTERIOR,NUMEROEXTERIOR,IDCOLONIA,NOMBRECOLONIA,CODIGOPOSTAL,IDMUNICIPIO,NOMBREMUNICIPIO,IDESTADO,NOMBREESTADO,IDPAIS,NOMBREPAIS) values (102,'Alejandro','Ruiz','Perez',to_date('10-APR-16','DD-MON-RR'),'H','alex@emial.com','55-9874-5135','ruizPass','554-487-165','alexCurp','UserPerez',1,3,'cliente',17,'Calle Ramon','11','17',17,'Ejido Tzitla','73300',9,'Chignahuapan',3,'Puebla',1,'Mexico');
Insert into ASALINASPROGRAMACIONNCAPAS.USUARIOGETALLVW (IDUSUARIO,NOMBREUSUARIO,APELLIDOPATUSUARIO,APELLIDOMATUSUARIO,FECHANACIMEINTOUSUARIO,SEXOUSUARIO,CORREOUSUARIO,CELULARUSUARIO,PASSWORDUSUARIO,TELEFONOUSUARIO,CURPUSUARIO,USERNAMEUSUARIO,ACTIVOUSUARIO,IDROLL,NOMBREROLL,IDDIRECCION,CALLE,NUMEROINTERIOR,NUMEROEXTERIOR,IDCOLONIA,NOMBRECOLONIA,CODIGOPOSTAL,IDMUNICIPIO,NOMBREMUNICIPIO,IDESTADO,NOMBREESTADO,IDPAIS,NOMBREPAIS) values (121,'Daniel','Perez','Herrera',to_date('15-FEB-98','DD-MON-RR'),'H','daniel@gmail.com','56-7812-8731','perezPass','789-451-899','danielCurp','herreraUser',1,3,'cliente',null,null,null,null,null,null,null,null,null,null,null,null,null);
Insert into ASALINASPROGRAMACIONNCAPAS.USUARIOGETALLVW (IDUSUARIO,NOMBREUSUARIO,APELLIDOPATUSUARIO,APELLIDOMATUSUARIO,FECHANACIMEINTOUSUARIO,SEXOUSUARIO,CORREOUSUARIO,CELULARUSUARIO,PASSWORDUSUARIO,TELEFONOUSUARIO,CURPUSUARIO,USERNAMEUSUARIO,ACTIVOUSUARIO,IDROLL,NOMBREROLL,IDDIRECCION,CALLE,NUMEROINTERIOR,NUMEROEXTERIOR,IDCOLONIA,NOMBRECOLONIA,CODIGOPOSTAL,IDMUNICIPIO,NOMBREMUNICIPIO,IDESTADO,NOMBREESTADO,IDPAIS,NOMBREPAIS) values (124,'Kevin','Medrano','Arellano',to_date('21-DEC-01','DD-MON-RR'),'H','kmedrano@digis.com','7776660098','qwerty1234','7776660098','MEAK011221HDGDRVA4','kmedrano01',1,2,'supervisor',22,'Javier Mina','23','234',2,'Colonia La Joya','54944',1,'Tultilan',1,'Edo. Mexico',1,'Mexico');
Insert into ASALINASPROGRAMACIONNCAPAS.USUARIOGETALLVW (IDUSUARIO,NOMBREUSUARIO,APELLIDOPATUSUARIO,APELLIDOMATUSUARIO,FECHANACIMEINTOUSUARIO,SEXOUSUARIO,CORREOUSUARIO,CELULARUSUARIO,PASSWORDUSUARIO,TELEFONOUSUARIO,CURPUSUARIO,USERNAMEUSUARIO,ACTIVOUSUARIO,IDROLL,NOMBREROLL,IDDIRECCION,CALLE,NUMEROINTERIOR,NUMEROEXTERIOR,IDCOLONIA,NOMBRECOLONIA,CODIGOPOSTAL,IDMUNICIPIO,NOMBREMUNICIPIO,IDESTADO,NOMBREESTADO,IDPAIS,NOMBREPAIS) values (126,'Kevin','Arandadno','Moy',to_date('01-JAN-98','DD-MON-RR'),'H','example@email.com','55-46984-46515','ibuprofeno','7776660098','kevinCurp','kmedrano01256',1,1,'admin',23,'Sol del Bueno','547','798',2,'Colonia La Joya','54944',1,'Tultilan',1,'Edo. Mexico',1,'Mexico');
Insert into ASALINASPROGRAMACIONNCAPAS.USUARIOGETALLVW (IDUSUARIO,NOMBREUSUARIO,APELLIDOPATUSUARIO,APELLIDOMATUSUARIO,FECHANACIMEINTOUSUARIO,SEXOUSUARIO,CORREOUSUARIO,CELULARUSUARIO,PASSWORDUSUARIO,TELEFONOUSUARIO,CURPUSUARIO,USERNAMEUSUARIO,ACTIVOUSUARIO,IDROLL,NOMBREROLL,IDDIRECCION,CALLE,NUMEROINTERIOR,NUMEROEXTERIOR,IDCOLONIA,NOMBRECOLONIA,CODIGOPOSTAL,IDMUNICIPIO,NOMBREMUNICIPIO,IDESTADO,NOMBREESTADO,IDPAIS,NOMBREPAIS) values (127,'Alejandro','Garcia','Marquez',to_date('12-DEC-12','DD-MON-RR'),'H','alejandro@example.com','7776660098','Paracetamol','7776660098','GarciaCurp','alexElLeon',1,2,'supervisor',24,'Sol del Bueno','89','47',3,'Barrio San Martin','54600',2,'Tepozotlan',1,'Edo. Mexico',1,'Mexico');
Insert into ASALINASPROGRAMACIONNCAPAS.USUARIOGETALLVW (IDUSUARIO,NOMBREUSUARIO,APELLIDOPATUSUARIO,APELLIDOMATUSUARIO,FECHANACIMEINTOUSUARIO,SEXOUSUARIO,CORREOUSUARIO,CELULARUSUARIO,PASSWORDUSUARIO,TELEFONOUSUARIO,CURPUSUARIO,USERNAMEUSUARIO,ACTIVOUSUARIO,IDROLL,NOMBREROLL,IDDIRECCION,CALLE,NUMEROINTERIOR,NUMEROEXTERIOR,IDCOLONIA,NOMBRECOLONIA,CODIGOPOSTAL,IDMUNICIPIO,NOMBREMUNICIPIO,IDESTADO,NOMBREESTADO,IDPAIS,NOMBREPAIS) values (142,'marco','salinas','jose',to_date('01-OCT-11','DD-MON-RR'),'H','marco@email.com','55-4987-4615','Monki123#','984-465-423','marcosCurp','UserMarco',1,3,'cliente',41,'Calle Cerrada','15','6',1,'Barrio Belem','54900',1,'Tultilan',1,'Edo. Mexico',1,'Mexico');
Insert into ASALINASPROGRAMACIONNCAPAS.USUARIOGETALLVW (IDUSUARIO,NOMBREUSUARIO,APELLIDOPATUSUARIO,APELLIDOMATUSUARIO,FECHANACIMEINTOUSUARIO,SEXOUSUARIO,CORREOUSUARIO,CELULARUSUARIO,PASSWORDUSUARIO,TELEFONOUSUARIO,CURPUSUARIO,USERNAMEUSUARIO,ACTIVOUSUARIO,IDROLL,NOMBREROLL,IDDIRECCION,CALLE,NUMEROINTERIOR,NUMEROEXTERIOR,IDCOLONIA,NOMBRECOLONIA,CODIGOPOSTAL,IDMUNICIPIO,NOMBREMUNICIPIO,IDESTADO,NOMBREESTADO,IDPAIS,NOMBREPAIS) values (144,'Jacobo','Pilates','Antiguo',to_date('02-FEB-04','DD-MON-RR'),'H','jacobo@gmail.com','55-46984-46515','JacoboPass123#','54-6515-3452','AntiguoCurp','JacoboGrande',1,5,'empleado exterior',42,'BenitoJuarez','654','1247',36,'San Marcos','233537',18,'Ayapel',6,'Cordoba',2,'Colombia');
Insert into ASALINASPROGRAMACIONNCAPAS.USUARIOGETALLVW (IDUSUARIO,NOMBREUSUARIO,APELLIDOPATUSUARIO,APELLIDOMATUSUARIO,FECHANACIMEINTOUSUARIO,SEXOUSUARIO,CORREOUSUARIO,CELULARUSUARIO,PASSWORDUSUARIO,TELEFONOUSUARIO,CURPUSUARIO,USERNAMEUSUARIO,ACTIVOUSUARIO,IDROLL,NOMBREROLL,IDDIRECCION,CALLE,NUMEROINTERIOR,NUMEROEXTERIOR,IDCOLONIA,NOMBRECOLONIA,CODIGOPOSTAL,IDMUNICIPIO,NOMBREMUNICIPIO,IDESTADO,NOMBREESTADO,IDPAIS,NOMBREPAIS) values (144,'Jacobo','Pilates','Antiguo',to_date('02-FEB-04','DD-MON-RR'),'H','jacobo@gmail.com','55-46984-46515','JacoboPass123#','54-6515-3452','AntiguoCurp','JacoboGrande',1,5,'empleado exterior',44,'Javier Mina','256','298',43,'Agua Negra','4415',22,'La Poma',8,'Salta',3,'Argentina');
Insert into ASALINASPROGRAMACIONNCAPAS.USUARIOGETALLVW (IDUSUARIO,NOMBREUSUARIO,APELLIDOPATUSUARIO,APELLIDOMATUSUARIO,FECHANACIMEINTOUSUARIO,SEXOUSUARIO,CORREOUSUARIO,CELULARUSUARIO,PASSWORDUSUARIO,TELEFONOUSUARIO,CURPUSUARIO,USERNAMEUSUARIO,ACTIVOUSUARIO,IDROLL,NOMBREROLL,IDDIRECCION,CALLE,NUMEROINTERIOR,NUMEROEXTERIOR,IDCOLONIA,NOMBRECOLONIA,CODIGOPOSTAL,IDMUNICIPIO,NOMBREMUNICIPIO,IDESTADO,NOMBREESTADO,IDPAIS,NOMBREPAIS) values (145,'Pancracia','Cejon','Papada',to_date('02-FEB-15','DD-MON-RR'),'M','papada@email.com','55-46984-46515','Papadas12#','54-6515-3452','PapadasCurp','PatillasATM',1,2,'supervisor',43,'Javier Mina','546','489',53,'Lassaga','3036',27,'Caseros',9,'Santa Fe',3,'Argentina');
Insert into ASALINASPROGRAMACIONNCAPAS.USUARIOGETALLVW (IDUSUARIO,NOMBREUSUARIO,APELLIDOPATUSUARIO,APELLIDOMATUSUARIO,FECHANACIMEINTOUSUARIO,SEXOUSUARIO,CORREOUSUARIO,CELULARUSUARIO,PASSWORDUSUARIO,TELEFONOUSUARIO,CURPUSUARIO,USERNAMEUSUARIO,ACTIVOUSUARIO,IDROLL,NOMBREROLL,IDDIRECCION,CALLE,NUMEROINTERIOR,NUMEROEXTERIOR,IDCOLONIA,NOMBRECOLONIA,CODIGOPOSTAL,IDMUNICIPIO,NOMBREMUNICIPIO,IDESTADO,NOMBREESTADO,IDPAIS,NOMBREPAIS) values (161,'Adalberto','Salinas','Jose',to_date('01-JAN-01','DD-MON-RR'),'H','Adalberto@email.com','55-4987-4615','passSalinas','984-465-423','SAJA010101HMELSD','UserJose',1,3,'cliente',45,'Calle de Pruebas','15','6',1,'Barrio Belem','54900',1,'Tultilan',1,'Edo. Mexico',1,'Mexico');
Insert into ASALINASPROGRAMACIONNCAPAS.USUARIOGETALLVW (IDUSUARIO,NOMBREUSUARIO,APELLIDOPATUSUARIO,APELLIDOMATUSUARIO,FECHANACIMEINTOUSUARIO,SEXOUSUARIO,CORREOUSUARIO,CELULARUSUARIO,PASSWORDUSUARIO,TELEFONOUSUARIO,CURPUSUARIO,USERNAMEUSUARIO,ACTIVOUSUARIO,IDROLL,NOMBREROLL,IDDIRECCION,CALLE,NUMEROINTERIOR,NUMEROEXTERIOR,IDCOLONIA,NOMBRECOLONIA,CODIGOPOSTAL,IDMUNICIPIO,NOMBREMUNICIPIO,IDESTADO,NOMBREESTADO,IDPAIS,NOMBREPAIS) values (171,'Oscar','Salinas','Jose',to_date('09-SEP-01','DD-MON-RR'),'H','Oscar@email.com','55-4987-4615','passSalinas2','984-465-423','SAJO010909HPLLSS','UserJose3',1,3,'cliente',55,'Calle de Pruebas','154','683',18,'Ejido Atlamaxac','73304',9,'Chignahuapan',3,'Puebla',1,'Mexico');
--------------------------------------------------------
--  DDL for Index SYS_C008144
--------------------------------------------------------

  CREATE UNIQUE INDEX "ASALINASPROGRAMACIONNCAPAS"."SYS_C008144" ON "ASALINASPROGRAMACIONNCAPAS"."USUARIO" ("IDUSUARIO") 
  PCTFREE 10 INITRANS 2 MAXTRANS 255 
  STORAGE(INITIAL 65536 NEXT 1048576 MINEXTENTS 1 MAXEXTENTS 2147483645
  PCTINCREASE 0 FREELISTS 1 FREELIST GROUPS 1
  BUFFER_POOL DEFAULT FLASH_CACHE DEFAULT CELL_FLASH_CACHE DEFAULT)
  TABLESPACE "USERS" ;
--------------------------------------------------------
--  DDL for Index SYS_C008152
--------------------------------------------------------

  CREATE UNIQUE INDEX "ASALINASPROGRAMACIONNCAPAS"."SYS_C008152" ON "ASALINASPROGRAMACIONNCAPAS"."TBL_PERSONA_OP" ("IDUPERSONA") 
  PCTFREE 10 INITRANS 2 MAXTRANS 255 
  STORAGE(INITIAL 65536 NEXT 1048576 MINEXTENTS 1 MAXEXTENTS 2147483645
  PCTINCREASE 0 FREELISTS 1 FREELIST GROUPS 1
  BUFFER_POOL DEFAULT FLASH_CACHE DEFAULT CELL_FLASH_CACHE DEFAULT)
  TABLESPACE "USERS" ;
--------------------------------------------------------
--  DDL for Index SYS_C008171
--------------------------------------------------------

  CREATE UNIQUE INDEX "ASALINASPROGRAMACIONNCAPAS"."SYS_C008171" ON "ASALINASPROGRAMACIONNCAPAS"."USUARIO" ("CORREOUSUARIO") 
  PCTFREE 10 INITRANS 2 MAXTRANS 255 COMPUTE STATISTICS 
  STORAGE(INITIAL 65536 NEXT 1048576 MINEXTENTS 1 MAXEXTENTS 2147483645
  PCTINCREASE 0 FREELISTS 1 FREELIST GROUPS 1
  BUFFER_POOL DEFAULT FLASH_CACHE DEFAULT CELL_FLASH_CACHE DEFAULT)
  TABLESPACE "USERS" ;
--------------------------------------------------------
--  DDL for Index SYS_C008173
--------------------------------------------------------

  CREATE UNIQUE INDEX "ASALINASPROGRAMACIONNCAPAS"."SYS_C008173" ON "ASALINASPROGRAMACIONNCAPAS"."USUARIO" ("USERNAMEUSUARIO") 
  PCTFREE 10 INITRANS 2 MAXTRANS 255 COMPUTE STATISTICS 
  STORAGE(INITIAL 65536 NEXT 1048576 MINEXTENTS 1 MAXEXTENTS 2147483645
  PCTINCREASE 0 FREELISTS 1 FREELIST GROUPS 1
  BUFFER_POOL DEFAULT FLASH_CACHE DEFAULT CELL_FLASH_CACHE DEFAULT)
  TABLESPACE "USERS" ;
--------------------------------------------------------
--  DDL for Index SYS_C008175
--------------------------------------------------------

  CREATE UNIQUE INDEX "ASALINASPROGRAMACIONNCAPAS"."SYS_C008175" ON "ASALINASPROGRAMACIONNCAPAS"."ROLL" ("IDROLL") 
  PCTFREE 10 INITRANS 2 MAXTRANS 255 
  STORAGE(INITIAL 65536 NEXT 1048576 MINEXTENTS 1 MAXEXTENTS 2147483645
  PCTINCREASE 0 FREELISTS 1 FREELIST GROUPS 1
  BUFFER_POOL DEFAULT FLASH_CACHE DEFAULT CELL_FLASH_CACHE DEFAULT)
  TABLESPACE "USERS" ;
--------------------------------------------------------
--  DDL for Index SYS_C008196
--------------------------------------------------------

  CREATE UNIQUE INDEX "ASALINASPROGRAMACIONNCAPAS"."SYS_C008196" ON "ASALINASPROGRAMACIONNCAPAS"."MUNICIPIO" ("IDMUNICIPIO") 
  PCTFREE 10 INITRANS 2 MAXTRANS 255 
  STORAGE(INITIAL 65536 NEXT 1048576 MINEXTENTS 1 MAXEXTENTS 2147483645
  PCTINCREASE 0 FREELISTS 1 FREELIST GROUPS 1
  BUFFER_POOL DEFAULT FLASH_CACHE DEFAULT CELL_FLASH_CACHE DEFAULT)
  TABLESPACE "USERS" ;
--------------------------------------------------------
--  DDL for Index SYS_C008200
--------------------------------------------------------

  CREATE UNIQUE INDEX "ASALINASPROGRAMACIONNCAPAS"."SYS_C008200" ON "ASALINASPROGRAMACIONNCAPAS"."ESTADO" ("IDESTADO") 
  PCTFREE 10 INITRANS 2 MAXTRANS 255 
  STORAGE(INITIAL 65536 NEXT 1048576 MINEXTENTS 1 MAXEXTENTS 2147483645
  PCTINCREASE 0 FREELISTS 1 FREELIST GROUPS 1
  BUFFER_POOL DEFAULT FLASH_CACHE DEFAULT CELL_FLASH_CACHE DEFAULT)
  TABLESPACE "USERS" ;
--------------------------------------------------------
--  DDL for Index SYS_C008204
--------------------------------------------------------

  CREATE UNIQUE INDEX "ASALINASPROGRAMACIONNCAPAS"."SYS_C008204" ON "ASALINASPROGRAMACIONNCAPAS"."PAIS" ("IDPAIS") 
  PCTFREE 10 INITRANS 2 MAXTRANS 255 
  STORAGE(INITIAL 65536 NEXT 1048576 MINEXTENTS 1 MAXEXTENTS 2147483645
  PCTINCREASE 0 FREELISTS 1 FREELIST GROUPS 1
  BUFFER_POOL DEFAULT FLASH_CACHE DEFAULT CELL_FLASH_CACHE DEFAULT)
  TABLESPACE "USERS" ;
--------------------------------------------------------
--  DDL for Index SYS_C008216
--------------------------------------------------------

  CREATE UNIQUE INDEX "ASALINASPROGRAMACIONNCAPAS"."SYS_C008216" ON "ASALINASPROGRAMACIONNCAPAS"."DIRECCION2" ("IDDIRECCION") 
  PCTFREE 10 INITRANS 2 MAXTRANS 255 
  STORAGE(INITIAL 65536 NEXT 1048576 MINEXTENTS 1 MAXEXTENTS 2147483645
  PCTINCREASE 0 FREELISTS 1 FREELIST GROUPS 1
  BUFFER_POOL DEFAULT FLASH_CACHE DEFAULT CELL_FLASH_CACHE DEFAULT)
  TABLESPACE "USERS" ;
--------------------------------------------------------
--  DDL for Index SYS_C008252
--------------------------------------------------------

  CREATE UNIQUE INDEX "ASALINASPROGRAMACIONNCAPAS"."SYS_C008252" ON "ASALINASPROGRAMACIONNCAPAS"."COLONIA" ("IDCOLONIA") 
  PCTFREE 10 INITRANS 2 MAXTRANS 255 
  STORAGE(INITIAL 65536 NEXT 1048576 MINEXTENTS 1 MAXEXTENTS 2147483645
  PCTINCREASE 0 FREELISTS 1 FREELIST GROUPS 1
  BUFFER_POOL DEFAULT FLASH_CACHE DEFAULT CELL_FLASH_CACHE DEFAULT)
  TABLESPACE "USERS" ;
--------------------------------------------------------
--  DDL for Index SYS_C008257
--------------------------------------------------------

  CREATE UNIQUE INDEX "ASALINASPROGRAMACIONNCAPAS"."SYS_C008257" ON "ASALINASPROGRAMACIONNCAPAS"."DIRECCION" ("IDDIRECCION") 
  PCTFREE 10 INITRANS 2 MAXTRANS 255 
  STORAGE(INITIAL 65536 NEXT 1048576 MINEXTENTS 1 MAXEXTENTS 2147483645
  PCTINCREASE 0 FREELISTS 1 FREELIST GROUPS 1
  BUFFER_POOL DEFAULT FLASH_CACHE DEFAULT CELL_FLASH_CACHE DEFAULT)
  TABLESPACE "USERS" ;
--------------------------------------------------------
--  DDL for Index SYS_IL0000092279C00016$$
--------------------------------------------------------

  CREATE UNIQUE INDEX "ASALINASPROGRAMACIONNCAPAS"."SYS_IL0000092279C00016$$" ON "ASALINASPROGRAMACIONNCAPAS"."USUARIO" (
  PCTFREE 10 INITRANS 2 MAXTRANS 255 
  STORAGE(INITIAL 65536 NEXT 1048576 MINEXTENTS 1 MAXEXTENTS 2147483645
  PCTINCREASE 0 FREELISTS 1 FREELIST GROUPS 1
  BUFFER_POOL DEFAULT FLASH_CACHE DEFAULT CELL_FLASH_CACHE DEFAULT)
  TABLESPACE "USERS" 
  PARALLEL (DEGREE 0 INSTANCES 0) ;
--------------------------------------------------------
--  DDL for Index SYS_C008252
--------------------------------------------------------

  CREATE UNIQUE INDEX "ASALINASPROGRAMACIONNCAPAS"."SYS_C008252" ON "ASALINASPROGRAMACIONNCAPAS"."COLONIA" ("IDCOLONIA") 
  PCTFREE 10 INITRANS 2 MAXTRANS 255 
  STORAGE(INITIAL 65536 NEXT 1048576 MINEXTENTS 1 MAXEXTENTS 2147483645
  PCTINCREASE 0 FREELISTS 1 FREELIST GROUPS 1
  BUFFER_POOL DEFAULT FLASH_CACHE DEFAULT CELL_FLASH_CACHE DEFAULT)
  TABLESPACE "USERS" ;
--------------------------------------------------------
--  DDL for Index SYS_C008257
--------------------------------------------------------

  CREATE UNIQUE INDEX "ASALINASPROGRAMACIONNCAPAS"."SYS_C008257" ON "ASALINASPROGRAMACIONNCAPAS"."DIRECCION" ("IDDIRECCION") 
  PCTFREE 10 INITRANS 2 MAXTRANS 255 
  STORAGE(INITIAL 65536 NEXT 1048576 MINEXTENTS 1 MAXEXTENTS 2147483645
  PCTINCREASE 0 FREELISTS 1 FREELIST GROUPS 1
  BUFFER_POOL DEFAULT FLASH_CACHE DEFAULT CELL_FLASH_CACHE DEFAULT)
  TABLESPACE "USERS" ;
--------------------------------------------------------
--  DDL for Index SYS_C008216
--------------------------------------------------------

  CREATE UNIQUE INDEX "ASALINASPROGRAMACIONNCAPAS"."SYS_C008216" ON "ASALINASPROGRAMACIONNCAPAS"."DIRECCION2" ("IDDIRECCION") 
  PCTFREE 10 INITRANS 2 MAXTRANS 255 
  STORAGE(INITIAL 65536 NEXT 1048576 MINEXTENTS 1 MAXEXTENTS 2147483645
  PCTINCREASE 0 FREELISTS 1 FREELIST GROUPS 1
  BUFFER_POOL DEFAULT FLASH_CACHE DEFAULT CELL_FLASH_CACHE DEFAULT)
  TABLESPACE "USERS" ;
--------------------------------------------------------
--  DDL for Index SYS_C008200
--------------------------------------------------------

  CREATE UNIQUE INDEX "ASALINASPROGRAMACIONNCAPAS"."SYS_C008200" ON "ASALINASPROGRAMACIONNCAPAS"."ESTADO" ("IDESTADO") 
  PCTFREE 10 INITRANS 2 MAXTRANS 255 
  STORAGE(INITIAL 65536 NEXT 1048576 MINEXTENTS 1 MAXEXTENTS 2147483645
  PCTINCREASE 0 FREELISTS 1 FREELIST GROUPS 1
  BUFFER_POOL DEFAULT FLASH_CACHE DEFAULT CELL_FLASH_CACHE DEFAULT)
  TABLESPACE "USERS" ;
--------------------------------------------------------
--  DDL for Index SYS_C008196
--------------------------------------------------------

  CREATE UNIQUE INDEX "ASALINASPROGRAMACIONNCAPAS"."SYS_C008196" ON "ASALINASPROGRAMACIONNCAPAS"."MUNICIPIO" ("IDMUNICIPIO") 
  PCTFREE 10 INITRANS 2 MAXTRANS 255 
  STORAGE(INITIAL 65536 NEXT 1048576 MINEXTENTS 1 MAXEXTENTS 2147483645
  PCTINCREASE 0 FREELISTS 1 FREELIST GROUPS 1
  BUFFER_POOL DEFAULT FLASH_CACHE DEFAULT CELL_FLASH_CACHE DEFAULT)
  TABLESPACE "USERS" ;
--------------------------------------------------------
--  DDL for Index SYS_C008204
--------------------------------------------------------

  CREATE UNIQUE INDEX "ASALINASPROGRAMACIONNCAPAS"."SYS_C008204" ON "ASALINASPROGRAMACIONNCAPAS"."PAIS" ("IDPAIS") 
  PCTFREE 10 INITRANS 2 MAXTRANS 255 
  STORAGE(INITIAL 65536 NEXT 1048576 MINEXTENTS 1 MAXEXTENTS 2147483645
  PCTINCREASE 0 FREELISTS 1 FREELIST GROUPS 1
  BUFFER_POOL DEFAULT FLASH_CACHE DEFAULT CELL_FLASH_CACHE DEFAULT)
  TABLESPACE "USERS" ;
--------------------------------------------------------
--  DDL for Index SYS_C008175
--------------------------------------------------------

  CREATE UNIQUE INDEX "ASALINASPROGRAMACIONNCAPAS"."SYS_C008175" ON "ASALINASPROGRAMACIONNCAPAS"."ROLL" ("IDROLL") 
  PCTFREE 10 INITRANS 2 MAXTRANS 255 
  STORAGE(INITIAL 65536 NEXT 1048576 MINEXTENTS 1 MAXEXTENTS 2147483645
  PCTINCREASE 0 FREELISTS 1 FREELIST GROUPS 1
  BUFFER_POOL DEFAULT FLASH_CACHE DEFAULT CELL_FLASH_CACHE DEFAULT)
  TABLESPACE "USERS" ;
--------------------------------------------------------
--  DDL for Index SYS_C008152
--------------------------------------------------------

  CREATE UNIQUE INDEX "ASALINASPROGRAMACIONNCAPAS"."SYS_C008152" ON "ASALINASPROGRAMACIONNCAPAS"."TBL_PERSONA_OP" ("IDUPERSONA") 
  PCTFREE 10 INITRANS 2 MAXTRANS 255 
  STORAGE(INITIAL 65536 NEXT 1048576 MINEXTENTS 1 MAXEXTENTS 2147483645
  PCTINCREASE 0 FREELISTS 1 FREELIST GROUPS 1
  BUFFER_POOL DEFAULT FLASH_CACHE DEFAULT CELL_FLASH_CACHE DEFAULT)
  TABLESPACE "USERS" ;
--------------------------------------------------------
--  DDL for Index SYS_C008144
--------------------------------------------------------

  CREATE UNIQUE INDEX "ASALINASPROGRAMACIONNCAPAS"."SYS_C008144" ON "ASALINASPROGRAMACIONNCAPAS"."USUARIO" ("IDUSUARIO") 
  PCTFREE 10 INITRANS 2 MAXTRANS 255 
  STORAGE(INITIAL 65536 NEXT 1048576 MINEXTENTS 1 MAXEXTENTS 2147483645
  PCTINCREASE 0 FREELISTS 1 FREELIST GROUPS 1
  BUFFER_POOL DEFAULT FLASH_CACHE DEFAULT CELL_FLASH_CACHE DEFAULT)
  TABLESPACE "USERS" ;
--------------------------------------------------------
--  DDL for Index SYS_C008171
--------------------------------------------------------

  CREATE UNIQUE INDEX "ASALINASPROGRAMACIONNCAPAS"."SYS_C008171" ON "ASALINASPROGRAMACIONNCAPAS"."USUARIO" ("CORREOUSUARIO") 
  PCTFREE 10 INITRANS 2 MAXTRANS 255 COMPUTE STATISTICS 
  STORAGE(INITIAL 65536 NEXT 1048576 MINEXTENTS 1 MAXEXTENTS 2147483645
  PCTINCREASE 0 FREELISTS 1 FREELIST GROUPS 1
  BUFFER_POOL DEFAULT FLASH_CACHE DEFAULT CELL_FLASH_CACHE DEFAULT)
  TABLESPACE "USERS" ;
--------------------------------------------------------
--  DDL for Index SYS_C008173
--------------------------------------------------------

  CREATE UNIQUE INDEX "ASALINASPROGRAMACIONNCAPAS"."SYS_C008173" ON "ASALINASPROGRAMACIONNCAPAS"."USUARIO" ("USERNAMEUSUARIO") 
  PCTFREE 10 INITRANS 2 MAXTRANS 255 COMPUTE STATISTICS 
  STORAGE(INITIAL 65536 NEXT 1048576 MINEXTENTS 1 MAXEXTENTS 2147483645
  PCTINCREASE 0 FREELISTS 1 FREELIST GROUPS 1
  BUFFER_POOL DEFAULT FLASH_CACHE DEFAULT CELL_FLASH_CACHE DEFAULT)
  TABLESPACE "USERS" ;
--------------------------------------------------------
--  DDL for Trigger TRCREATECURPBE
--------------------------------------------------------

  CREATE OR REPLACE NONEDITIONABLE TRIGGER "ASALINASPROGRAMACIONNCAPAS"."TRCREATECURPBE" 
BEFORE INSERT ON Usuario
FOR EACH ROW
BEGIN

    IF(:NEW.CURPUSUARIO IS NULL)THEN

        :NEW.CURPUSUARIO := UPPER(SUBSTR(:NEW.APELLIDOPATUSUARIO,1,1))
        || UPPER(REGEXP_SUBSTR(:NEW.APELLIDOPATUSUARIO,'[aeiouAEIOU]'))
        || UPPER(SUBSTR(:NEW.APELLIDOMATUSUARIO,1,1))
        || UPPER(SUBSTR(:NEW.NOMBREUSUARIO,1,1))
        || TO_CHAR(:NEW.FECHANACIMEINTOUSUARIO, 'YYMMDD')
        || :NEW.SEXOUSUARIO
        || 'XX'
        || UPPER(REGEXP_SUBSTR(:NEW.APELLIDOPATUSUARIO,'[B-DF-HJ-NP-TV-Zb-df-hj-np-tv-z]',2))
        || UPPER(REGEXP_SUBSTR(:NEW.APELLIDOMATUSUARIO,'[B-DF-HJ-NP-TV-Zb-df-hj-np-tv-z]',2))
        || UPPER(REGEXP_SUBSTR(:NEW.NOMBREUSUARIO,'[B-DF-HJ-NP-TV-Zb-df-hj-np-tv-z]',2))
        ;
    END IF;
END TRCreateCURPBE;
/
ALTER TRIGGER "ASALINASPROGRAMACIONNCAPAS"."TRCREATECURPBE" ENABLE;
--------------------------------------------------------
--  DDL for Trigger TRENTIDADFEDERATIVAAF
--------------------------------------------------------

  CREATE OR REPLACE NONEDITIONABLE TRIGGER "ASALINASPROGRAMACIONNCAPAS"."TRENTIDADFEDERATIVAAF" 
AFTER INSERT ON Direccion
FOR EACH ROW
DECLARE
    EntidadFederativa CHAR(2);
    CURPBase VARCHAR2(16);
    CURPCompleto VARCHAR2(18);
    v_NombreUsuario VARCHAR2(50);
    v_ApellidoPatUsuario VARCHAR2(50);
    v_ApellidoMatUsuario VARCHAR2(50);
    v_FechaNacimiento DATE;
    v_Sexo VARCHAR2(1);
--    numeroRamdom NUMBER(2);
--    letraRandom CHAR(1);
--    DireccionesCount NUMBER;
BEGIN
--    SELECT COUNT(*) INTO DireccionesCount FROM Direccion WHERE IdUsuario = :NEW.IdUsuario;
--    SELECT ROUND(dbms_random.VALUE(1,10)) INTO numeroRamdom FROM dual;
--    SELECT CHR(dbms_random.VALUE(ASCII('A'), ASCII('Z'))) INTO letraRandom FROM dual;
--IF DireccionesCount = 1 THEN
    BEGIN
        SELECT Estado.EntidadFederativa
        INTO EntidadFederativa
        FROM Colonia
        JOIN Municipio ON Colonia.IDMunicipio = Municipio.IDMunicipio
        JOIN Estado ON Municipio.IDEstado = Estado.IDEstado
        WHERE Colonia.IDColonia = :NEW.IDColonia;
    EXCEPTION
        WHEN NO_DATA_FOUND THEN
            EntidadFederativa := 'NE'; 
    END;

    SELECT NombreUsuario, ApellidoPatUsuario, ApellidoMatUsuario, FechaNacimeintoUsuario, SexoUsuario
    INTO v_NombreUsuario, v_ApellidoPatUsuario, v_ApellidoMatUsuario, v_FechaNacimiento, v_Sexo
    FROM Usuario
    WHERE IdUsuario = :NEW.IdUsuario;
    
    CURPBase := UPPER(SUBSTR(v_ApellidoPatUsuario, 1, 1)) 
       || UPPER(REGEXP_SUBSTR(v_ApellidoPatUsuario, '[aeiouAEIOU]')) 
       || UPPER(SUBSTR(v_ApellidoMatUsuario, 1, 1)) 
       || UPPER(SUBSTR(v_NombreUsuario, 1, 1)) 
       || TO_CHAR(v_FechaNacimiento, 'YYMMDD') 
       || v_Sexo 
       || EntidadFederativa 
       || UPPER(REGEXP_SUBSTR(v_ApellidoPatUsuario, '[B-DF-HJ-NP-TV-Zb-df-hj-np-tv-z]', 2)) 
       || UPPER(REGEXP_SUBSTR(v_ApellidoMatUsuario, '[B-DF-HJ-NP-TV-Zb-df-hj-np-tv-z]', 2)) 
       || UPPER(REGEXP_SUBSTR(v_NombreUsuario, '[B-DF-HJ-NP-TV-Zb-df-hj-np-tv-z]', 2))
--       || letraRandom
--       || numeroRamdom
       ;

    UPDATE Usuario
    SET CURPUsuario = CURPBase
    WHERE IdUsuario = :NEW.IdUsuario;

--ELSE
--    NULL;
--END IF;
END TREntidadFederativaAF;
/
ALTER TRIGGER "ASALINASPROGRAMACIONNCAPAS"."TRENTIDADFEDERATIVAAF" ENABLE;
--------------------------------------------------------
--  DDL for Trigger TRENTIDADFEDERATIVAAF
--------------------------------------------------------

  CREATE OR REPLACE NONEDITIONABLE TRIGGER "ASALINASPROGRAMACIONNCAPAS"."TRENTIDADFEDERATIVAAF" 
AFTER INSERT ON Direccion
FOR EACH ROW
DECLARE
    EntidadFederativa CHAR(2);
    CURPBase VARCHAR2(16);
    CURPCompleto VARCHAR2(18);
    v_NombreUsuario VARCHAR2(50);
    v_ApellidoPatUsuario VARCHAR2(50);
    v_ApellidoMatUsuario VARCHAR2(50);
    v_FechaNacimiento DATE;
    v_Sexo VARCHAR2(1);
--    numeroRamdom NUMBER(2);
--    letraRandom CHAR(1);
--    DireccionesCount NUMBER;
BEGIN
--    SELECT COUNT(*) INTO DireccionesCount FROM Direccion WHERE IdUsuario = :NEW.IdUsuario;
--    SELECT ROUND(dbms_random.VALUE(1,10)) INTO numeroRamdom FROM dual;
--    SELECT CHR(dbms_random.VALUE(ASCII('A'), ASCII('Z'))) INTO letraRandom FROM dual;
--IF DireccionesCount = 1 THEN
    BEGIN
        SELECT Estado.EntidadFederativa
        INTO EntidadFederativa
        FROM Colonia
        JOIN Municipio ON Colonia.IDMunicipio = Municipio.IDMunicipio
        JOIN Estado ON Municipio.IDEstado = Estado.IDEstado
        WHERE Colonia.IDColonia = :NEW.IDColonia;
    EXCEPTION
        WHEN NO_DATA_FOUND THEN
            EntidadFederativa := 'NE'; 
    END;

    SELECT NombreUsuario, ApellidoPatUsuario, ApellidoMatUsuario, FechaNacimeintoUsuario, SexoUsuario
    INTO v_NombreUsuario, v_ApellidoPatUsuario, v_ApellidoMatUsuario, v_FechaNacimiento, v_Sexo
    FROM Usuario
    WHERE IdUsuario = :NEW.IdUsuario;
    
    CURPBase := UPPER(SUBSTR(v_ApellidoPatUsuario, 1, 1)) 
       || UPPER(REGEXP_SUBSTR(v_ApellidoPatUsuario, '[aeiouAEIOU]')) 
       || UPPER(SUBSTR(v_ApellidoMatUsuario, 1, 1)) 
       || UPPER(SUBSTR(v_NombreUsuario, 1, 1)) 
       || TO_CHAR(v_FechaNacimiento, 'YYMMDD') 
       || v_Sexo 
       || EntidadFederativa 
       || UPPER(REGEXP_SUBSTR(v_ApellidoPatUsuario, '[B-DF-HJ-NP-TV-Zb-df-hj-np-tv-z]', 2)) 
       || UPPER(REGEXP_SUBSTR(v_ApellidoMatUsuario, '[B-DF-HJ-NP-TV-Zb-df-hj-np-tv-z]', 2)) 
       || UPPER(REGEXP_SUBSTR(v_NombreUsuario, '[B-DF-HJ-NP-TV-Zb-df-hj-np-tv-z]', 2))
--       || letraRandom
--       || numeroRamdom
       ;

    UPDATE Usuario
    SET CURPUsuario = CURPBase
    WHERE IdUsuario = :NEW.IdUsuario;

--ELSE
--    NULL;
--END IF;
END TREntidadFederativaAF;
/
ALTER TRIGGER "ASALINASPROGRAMACIONNCAPAS"."TRENTIDADFEDERATIVAAF" ENABLE;
--------------------------------------------------------
--  DDL for Trigger TRCREATECURPBE
--------------------------------------------------------

  CREATE OR REPLACE NONEDITIONABLE TRIGGER "ASALINASPROGRAMACIONNCAPAS"."TRCREATECURPBE" 
BEFORE INSERT ON Usuario
FOR EACH ROW
BEGIN

    IF(:NEW.CURPUSUARIO IS NULL)THEN

        :NEW.CURPUSUARIO := UPPER(SUBSTR(:NEW.APELLIDOPATUSUARIO,1,1))
        || UPPER(REGEXP_SUBSTR(:NEW.APELLIDOPATUSUARIO,'[aeiouAEIOU]'))
        || UPPER(SUBSTR(:NEW.APELLIDOMATUSUARIO,1,1))
        || UPPER(SUBSTR(:NEW.NOMBREUSUARIO,1,1))
        || TO_CHAR(:NEW.FECHANACIMEINTOUSUARIO, 'YYMMDD')
        || :NEW.SEXOUSUARIO
        || 'XX'
        || UPPER(REGEXP_SUBSTR(:NEW.APELLIDOPATUSUARIO,'[B-DF-HJ-NP-TV-Zb-df-hj-np-tv-z]',2))
        || UPPER(REGEXP_SUBSTR(:NEW.APELLIDOMATUSUARIO,'[B-DF-HJ-NP-TV-Zb-df-hj-np-tv-z]',2))
        || UPPER(REGEXP_SUBSTR(:NEW.NOMBREUSUARIO,'[B-DF-HJ-NP-TV-Zb-df-hj-np-tv-z]',2))
        ;
    END IF;
END TRCreateCURPBE;
/
ALTER TRIGGER "ASALINASPROGRAMACIONNCAPAS"."TRCREATECURPBE" ENABLE;
--------------------------------------------------------
--  DDL for Procedure COLONIAGETBYID
--------------------------------------------------------
set define off;

  CREATE OR REPLACE NONEDITIONABLE PROCEDURE "ASALINASPROGRAMACIONNCAPAS"."COLONIAGETBYID" (I_IdColonia IN NUMBER,p_result OUT SYS_REFCURSOR) AS 
BEGIN
OPEN p_result FOR
SELECT 
    IDColonia,
    NombreColonia, 
    CodigoPostal
FROM Colonia
WHERE IdMunicipio = I_IdColonia order by idColonia
;
END COLONIAGETBYID;

/
--------------------------------------------------------
--  DDL for Procedure DIRECCIONGETBYID
--------------------------------------------------------
set define off;

  CREATE OR REPLACE NONEDITIONABLE PROCEDURE "ASALINASPROGRAMACIONNCAPAS"."DIRECCIONGETBYID" (I_IdDireccion IN NUMBER,p_result OUT SYS_REFCURSOR) AS 
BEGIN
OPEN p_result FOR
SELECT 
    Direccion.IdDireccion,
    Direccion.Calle, Direccion.NumeroInterior, Direccion.NumeroExterior, Direccion.IDColonia,
    Colonia.NombreColonia, Colonia.CodigoPostal, Colonia.IDMunicipio ,
    Municipio.NombreMunicipio, Municipio.IDEstado ,
    Estado.NombreEstado, Estado.IDPais ,
    Pais.NombrePais
FROM Direccion
LEFT JOIN Colonia ON Direccion.IdColonia = Colonia.IdColonia
LEFT JOIN Municipio ON Colonia.IdMunicipio = Municipio.IdMunicipio
LEFT JOIN Estado ON Municipio.IdEstado = Estado.IdEstado
LEFT JOIN Pais ON Estado.IdPais = Pais.IdPais
WHERE IdDireccion = I_IdDireccion
;
END DIRECCIONGETBYID;

/
--------------------------------------------------------
--  DDL for Procedure DIRECCIONINSERT
--------------------------------------------------------
set define off;

  CREATE OR REPLACE NONEDITIONABLE PROCEDURE "ASALINASPROGRAMACIONNCAPAS"."DIRECCIONINSERT" (I_Calle IN VARCHAR,
    I_NumeroInterior IN VARCHAR, I_NumeroExterior IN VARCHAR, I_IDColonia IN NUMBER,
    I_IDUsuario IN NUMBER) AS
  
BEGIN

Insert into direccion(Calle,NumeroInterior,NumeroExterior,IDColonia,IDUsuario) 
values (I_Calle,I_NumeroInterior,I_NumeroExterior,I_IDColonia,I_IDUsuario);

END DIRECCIONINSERT;

/
--------------------------------------------------------
--  DDL for Procedure DIRECCIONUPDATE
--------------------------------------------------------
set define off;

  CREATE OR REPLACE NONEDITIONABLE PROCEDURE "ASALINASPROGRAMACIONNCAPAS"."DIRECCIONUPDATE" (I_IDDireccion IN NUMBER,I_Calle IN VARCHAR, I_NumeroInterior IN VARCHAR, I_NumeroExterior IN VARCHAR,
    I_IDColonia IN NUMBER) AS 
BEGIN
   UPDATE Direccion SET Calle = I_Calle, NumeroInterior =  I_NumeroInterior, 
    NumeroExterior =  I_NumeroExterior,IDColonia = I_IDColonia
    WHERE IDDireccion = I_IDDireccion;
END DIRECCIONUPDATE;

/
--------------------------------------------------------
--  DDL for Procedure ESTADOGETBYID
--------------------------------------------------------
set define off;

  CREATE OR REPLACE NONEDITIONABLE PROCEDURE "ASALINASPROGRAMACIONNCAPAS"."ESTADOGETBYID" (I_IdEstado IN NUMBER,p_result OUT SYS_REFCURSOR) AS 
BEGIN
OPEN p_result FOR
SELECT 
    IDEstado,
    NombreEstado
FROM Estado
WHERE IdPais = I_IdEstado order by IdEstado
;
END ESTADOGETBYID;

/
--------------------------------------------------------
--  DDL for Procedure MUNICIPIOGETBYID
--------------------------------------------------------
set define off;

  CREATE OR REPLACE NONEDITIONABLE PROCEDURE "ASALINASPROGRAMACIONNCAPAS"."MUNICIPIOGETBYID" (I_IdMunicipio IN NUMBER,p_result OUT SYS_REFCURSOR) AS 
BEGIN
OPEN p_result FOR
SELECT 
    Municipio.IDMunicipio,
    Municipio.NombreMunicipio
FROM Municipio
LEFT JOIN Estado ON Municipio.IdEstado = Estado.IdEstado
WHERE Municipio.IdEstado = I_IdMunicipio order by idMunicipio
;
END MUNICIPIOGETBYID;

/
--------------------------------------------------------
--  DDL for Procedure PAISGETALL
--------------------------------------------------------
set define off;

  CREATE OR REPLACE NONEDITIONABLE PROCEDURE "ASALINASPROGRAMACIONNCAPAS"."PAISGETALL" (p_result OUT SYS_REFCURSOR) AS 
BEGIN
OPEN p_result FOR
 SELECT 
   IDPais,
   NombrePais
FROM Pais
order by idPais
; 
END PAISGETALL;

/
--------------------------------------------------------
--  DDL for Procedure ROLLGETALL
--------------------------------------------------------
set define off;

  CREATE OR REPLACE NONEDITIONABLE PROCEDURE "ASALINASPROGRAMACIONNCAPAS"."ROLLGETALL" (p_result OUT SYS_REFCURSOR) AS 
BEGIN
OPEN p_result FOR
 SELECT 
   IDRoll,
   NombreRoll
FROM Roll
order by idRoll
; 
END ROLLGETALL;

/
--------------------------------------------------------
--  DDL for Procedure UPDATEDIRECCION
--------------------------------------------------------
set define off;

  CREATE OR REPLACE NONEDITIONABLE PROCEDURE "ASALINASPROGRAMACIONNCAPAS"."UPDATEDIRECCION" (I_IDDireccion IN NUMBER,I_Calle IN VARCHAR, I_NumeroInterior IN VARCHAR, I_NumeroExterior IN VARCHAR,
    I_IDColonia IN NUMBER) AS 
BEGIN
   UPDATE Direccion SET Calle = I_Calle, NumeroInterior =  I_NumeroInterior, 
    NumeroExterior =  I_NumeroExterior,IDColonia = I_IDColonia
    WHERE IDDireccion = I_IDDireccion;
END UPDATEDIRECCION;

/
--------------------------------------------------------
--  DDL for Procedure USUARIODELETE
--------------------------------------------------------
set define off;

  CREATE OR REPLACE NONEDITIONABLE PROCEDURE "ASALINASPROGRAMACIONNCAPAS"."USUARIODELETE" (I_IDUsuario IN NUMBER) AS
BEGIN
  DELETE FROM Usuario WHERE IDUsuario = I_IDUsuario;
END USUARIODELETE;

/
--------------------------------------------------------
--  DDL for Procedure USUARIOGETALL
--------------------------------------------------------
set define off;

  CREATE OR REPLACE NONEDITIONABLE PROCEDURE "ASALINASPROGRAMACIONNCAPAS"."USUARIOGETALL" (p_result OUT SYS_REFCURSOR) AS 
BEGIN
OPEN p_result FOR
 SELECT 
   Usuario.IDUsuario, Usuario.NombreUsuario, Usuario.ApellidoPatUsuario, Usuario.ApellidoMatUsuario,
   Usuario.FechaNacimeintoUsuario, Usuario.SexoUsuario, Usuario.CorreoUsuario, Usuario.CelularUsuario,
   Usuario.PASSWORDUSUARIO, Usuario.TELEFONOUSUARIO, Usuario.CURPUSUARIO, Usuario.USERNAMEUSUARIO,
   Usuario.Imagen, Roll.IdROll, Roll.NombreROll, Direccion.IdDireccion,
    Direccion.Calle, Direccion.NumeroInterior, Direccion.NumeroExterior, Direccion.IDColonia,
    Colonia.NombreColonia, Colonia.CodigoPostal, Colonia.IDMunicipio ,
    Municipio.NombreMunicipio, Municipio.IDEstado ,
    Estado.NombreEstado, Estado.IDPais,
    Pais.NombrePais
FROM Usuario
LEFT JOIN Roll ON Usuario.IdRoll = Roll.IdROll
LEFT JOIN Direccion ON Usuario.IdUsuario = Direccion.IdUsuario
LEFT JOIN Colonia ON Direccion.IdColonia = Colonia.IdColonia
LEFT JOIN Municipio ON Colonia.IdMunicipio = Municipio.IdMunicipio
LEFT JOIN Estado ON Municipio.IdEstado = Estado.IdEstado
LEFT JOIN Pais ON Estado.IdPais = Pais.IdPais
WHERE Usuario.ActivoUsuario = 1
order by idUsuario
; 
END USUARIOGETALL;

/
--------------------------------------------------------
--  DDL for Procedure USUARIOGETALLDINAMICO
--------------------------------------------------------
set define off;

  CREATE OR REPLACE NONEDITIONABLE PROCEDURE "ASALINASPROGRAMACIONNCAPAS"."USUARIOGETALLDINAMICO" (pNombre IN VARCHAR,pPaterno IN VARCHAR,pMaterno IN VARCHAR,
pIdRoll IN NUMBER, pActivoUsuario IN NUMBER, p_result OUT SYS_REFCURSOR) AS 
SqlQuery VARCHAR(4000);
BEGIN

  SqlQuery := 'SELECT * FROM UsuarioGetAllVW WHERE UPPER(NombreUsuario) LIKE UPPER(''%'' || :pNombre || ''%'')
AND LOWER(ApellidoPatUsuario) LIKE LOWER(''%'' || :pPaterno || ''%'')
AND LOWER(ApellidoMatUsuario) LIKE LOWER(''%'' || :pMaterno || ''%'')';

IF pIdRoll > 0 THEN
        SqlQuery := SqlQuery || ' AND IdRoll = :pIdRoll';                                                          
END IF;
SqlQuery := SqlQuery || ' AND ActivoUsuario = :pActivoUsuario ORDER BY IdUsuario';

IF pIdRoll > 0 THEN
    OPEN p_result FOR SqlQuery USING pNombre, pPaterno, pMaterno, pIdRoll, pActivoUsuario;
ELSE
    OPEN p_result FOR SqlQuery USING pNombre, pPaterno, pMaterno, pActivoUsuario;
END IF;
END USUARIOGETALLDINAMICO;

/
--------------------------------------------------------
--  DDL for Procedure USUARIOGETBYID
--------------------------------------------------------
set define off;

  CREATE OR REPLACE NONEDITIONABLE PROCEDURE "ASALINASPROGRAMACIONNCAPAS"."USUARIOGETBYID" (IdUser IN NUMBER,
p_resultUsuario OUT SYS_REFCURSOR, p_resultDireccion OUT SYS_REFCURSOR) AS 
BEGIN
OPEN p_resultUsuario FOR
SELECT 
   Usuario.IDUsuario, Usuario.NombreUsuario, Usuario.ApellidoPatUsuario, Usuario.ApellidoMatUsuario,
   Usuario.FechaNacimeintoUsuario, Usuario.SexoUsuario, Usuario.CorreoUsuario, Usuario.CelularUsuario,
   Usuario.PASSWORDUSUARIO, Usuario.TELEFONOUSUARIO, Usuario.CURPUSUARIO, Usuario.USERNAMEUSUARIO,
   Usuario.Imagen, Roll.IdROll, Roll.NombreROll 
FROM Usuario
LEFT JOIN Roll ON Usuario.IdRoll = Roll.IdROll
WHERE Usuario.IDUsuario = IdUser order by idUsuario
;
OPEN p_resultDireccion FOR
SELECT 
Direccion.IdDireccion,
    Direccion.Calle, Direccion.NumeroInterior, Direccion.NumeroExterior, Direccion.IDColonia,
    Colonia.NombreColonia, Colonia.CodigoPostal, Colonia.IDMunicipio ,
    Municipio.NombreMunicipio, Municipio.IDEstado ,
    Estado.NombreEstado, Estado.IDPais ,
    Pais.NombrePais
    
FROM Direccion
LEFT JOIN Colonia ON Direccion.IdColonia = Colonia.IdColonia
LEFT JOIN Municipio ON Colonia.IdMunicipio = Municipio.IdMunicipio
LEFT JOIN Estado ON Municipio.IdEstado = Estado.IdEstado
LEFT JOIN Pais ON Estado.IdPais = Pais.IdPais 
WHERE Direccion.IDUsuario = IdUser order by idUsuario
;
END USUARIOGETBYID;

/
--------------------------------------------------------
--  DDL for Procedure USUARIOGETSOLO
--------------------------------------------------------
set define off;

  CREATE OR REPLACE NONEDITIONABLE PROCEDURE "ASALINASPROGRAMACIONNCAPAS"."USUARIOGETSOLO" (IdUser IN NUMBER,
p_resultUsuario OUT SYS_REFCURSOR) AS 
BEGIN
OPEN p_resultUsuario FOR
SELECT 
   Usuario.IDUsuario, Usuario.NombreUsuario, Usuario.ApellidoPatUsuario, Usuario.ApellidoMatUsuario,
   Usuario.FechaNacimeintoUsuario, Usuario.SexoUsuario, Usuario.CorreoUsuario, Usuario.CelularUsuario,
   Usuario.PASSWORDUSUARIO, Usuario.TELEFONOUSUARIO, Usuario.CURPUSUARIO, Usuario.USERNAMEUSUARIO,
   Roll.IdROll, Roll.NombreROll, Usuario.Imagen 
FROM Usuario
LEFT JOIN Roll ON Usuario.IdRoll = Roll.IdROll
WHERE Usuario.IDUsuario = IdUser order by idUsuario
;
END USUARIOGETSOLO;

/
--------------------------------------------------------
--  DDL for Procedure USUARIOINSERT
--------------------------------------------------------
set define off;

  CREATE OR REPLACE NONEDITIONABLE PROCEDURE "ASALINASPROGRAMACIONNCAPAS"."USUARIOINSERT" (I_NombreUsuario IN VARCHAR,I_ApellidoPatUsuario IN VARCHAR,
    I_ApellidoMatUsuario IN VARCHAR,I_FechaNacimeintoUsuario IN DATE,I_SexoUsuario IN VARCHAR,
    I_CorreoUsuario IN VARCHAR,I_CelularUsuario IN VARCHAR, I_PasswordUsuario IN VARCHAR,
    I_TelefonoUsuario IN VARCHAR, I_UserNameUsuario IN VARCHAR, 
    I_IDRoll IN NUMBER, I_Imagen IN CLOB, I_Calle IN VARCHAR,I_NumeroInterior IN VARCHAR, 
    I_NumeroExterior IN VARCHAR, I_IDColonia IN NUMBER) AS
    IDForUsuario number;
BEGIN 
  INSERT INTO Usuario (NombreUsuario,ApellidoPatUsuario,ApellidoMatUsuario,FechaNacimeintoUsuario,
  SexoUsuario,CorreoUsuario,CelularUsuario,PasswordUsuario,TelefonoUsuario,UserNameUsuario,
  IDRoll, Imagen, ActivoUsuario) 
VALUES (I_NombreUsuario,I_ApellidoPatUsuario,I_ApellidoMatUsuario,TO_DATE(I_FechaNacimeintoUsuario,'DD/MM/YYYY')
,I_SexoUsuario,I_CorreoUsuario,I_CelularUsuario,I_PasswordUsuario,I_TelefonoUsuario,I_UserNameUsuario,
I_IDRoll, I_Imagen,1);

--(SELECT MAX(idUsuario) FROM usuario);
SELECT  MAX(idUsuario) INTO IDForUsuario FROM Usuario;

Insert into direccion(Calle,NumeroInterior,NumeroExterior,IDColonia,IDUsuario) 
values (I_Calle,I_NumeroInterior,I_NumeroExterior,I_IDColonia,IDForUsuario);

END USUARIOINSERT;

/
--------------------------------------------------------
--  DDL for Procedure USUARIOUPDATE
--------------------------------------------------------
set define off;

  CREATE OR REPLACE NONEDITIONABLE PROCEDURE "ASALINASPROGRAMACIONNCAPAS"."USUARIOUPDATE" (I_IDUsuario IN NUMBER,I_NombreUsuario IN VARCHAR,I_ApellidoPatUsuario IN VARCHAR,
    I_ApellidoMatUsuario IN VARCHAR,I_FechaNacimeintoUsuario IN DATE,I_SexoUsuario IN VARCHAR,
    I_CorreoUsuario IN VARCHAR,I_CelularUsuario IN VARCHAR, I_PasswordUsuario IN VARCHAR,
    I_TelefonoUsuario IN VARCHAR, I_CURPUsuario IN VARCHAR, I_UserNameUsuario IN VARCHAR,
    I_IDRoll IN NUMBER, I_Imagen IN CLOB) AS
BEGIN 
 UPDATE Usuario SET NombreUsuario = I_NombreUsuario, ApellidoPatUsuario =  I_ApellidoPatUsuario, ApellidoMatUsuario = I_ApellidoMatUsuario,
    FechaNacimeintoUsuario = TO_DATE(I_FechaNacimeintoUsuario,'DD/MM/YYYY'), SexoUsuario = I_SexoUsuario,
    CorreoUsuario = I_CorreoUsuario, CelularUsuario = I_CelularUsuario ,PasswordUsuario = I_PasswordUsuario,
    TelefonoUsuario = I_TelefonoUsuario,CURPUsuario = I_CURPUsuario,UserNameUsuario = I_UserNameUsuario,
    IDRoll = I_IDRoll, Imagen = I_Imagen
    WHERE IDUsuario = I_IDUsuario;
    
END USUARIOUPDATE;

/
--------------------------------------------------------
--  DDL for Procedure USUARIOUPDATEACTIVO
--------------------------------------------------------
set define off;

  CREATE OR REPLACE NONEDITIONABLE PROCEDURE "ASALINASPROGRAMACIONNCAPAS"."USUARIOUPDATEACTIVO" (I_IDUsuario IN NUMBER, I_ActivoUsuario IN NUMBER
    ) AS
BEGIN
 UPDATE Usuario SET ActivoUsuario = I_ActivoUsuario
    WHERE IDUsuario = I_IDUsuario;
    
END USUARIOUPDATEACTIVO;

/
--------------------------------------------------------
--  Constraints for Table COLONIA
--------------------------------------------------------

  ALTER TABLE "ASALINASPROGRAMACIONNCAPAS"."COLONIA" MODIFY ("IDCOLONIA" NOT NULL ENABLE);
  ALTER TABLE "ASALINASPROGRAMACIONNCAPAS"."COLONIA" MODIFY ("NOMBRECOLONIA" NOT NULL ENABLE);
  ALTER TABLE "ASALINASPROGRAMACIONNCAPAS"."COLONIA" MODIFY ("CODIGOPOSTAL" NOT NULL ENABLE);
  ALTER TABLE "ASALINASPROGRAMACIONNCAPAS"."COLONIA" ADD PRIMARY KEY ("IDCOLONIA")
  USING INDEX PCTFREE 10 INITRANS 2 MAXTRANS 255 
  STORAGE(INITIAL 65536 NEXT 1048576 MINEXTENTS 1 MAXEXTENTS 2147483645
  PCTINCREASE 0 FREELISTS 1 FREELIST GROUPS 1
  BUFFER_POOL DEFAULT FLASH_CACHE DEFAULT CELL_FLASH_CACHE DEFAULT)
  TABLESPACE "USERS"  ENABLE;
--------------------------------------------------------
--  Constraints for Table DIRECCION
--------------------------------------------------------

  ALTER TABLE "ASALINASPROGRAMACIONNCAPAS"."DIRECCION" MODIFY ("IDDIRECCION" NOT NULL ENABLE);
  ALTER TABLE "ASALINASPROGRAMACIONNCAPAS"."DIRECCION" MODIFY ("CALLE" NOT NULL ENABLE);
  ALTER TABLE "ASALINASPROGRAMACIONNCAPAS"."DIRECCION" MODIFY ("NUMEROEXTERIOR" NOT NULL ENABLE);
  ALTER TABLE "ASALINASPROGRAMACIONNCAPAS"."DIRECCION" ADD PRIMARY KEY ("IDDIRECCION")
  USING INDEX PCTFREE 10 INITRANS 2 MAXTRANS 255 
  STORAGE(INITIAL 65536 NEXT 1048576 MINEXTENTS 1 MAXEXTENTS 2147483645
  PCTINCREASE 0 FREELISTS 1 FREELIST GROUPS 1
  BUFFER_POOL DEFAULT FLASH_CACHE DEFAULT CELL_FLASH_CACHE DEFAULT)
  TABLESPACE "USERS"  ENABLE;
--------------------------------------------------------
--  Constraints for Table DIRECCION2
--------------------------------------------------------

  ALTER TABLE "ASALINASPROGRAMACIONNCAPAS"."DIRECCION2" MODIFY ("IDDIRECCION" NOT NULL ENABLE);
  ALTER TABLE "ASALINASPROGRAMACIONNCAPAS"."DIRECCION2" ADD PRIMARY KEY ("IDDIRECCION")
  USING INDEX PCTFREE 10 INITRANS 2 MAXTRANS 255 
  STORAGE(INITIAL 65536 NEXT 1048576 MINEXTENTS 1 MAXEXTENTS 2147483645
  PCTINCREASE 0 FREELISTS 1 FREELIST GROUPS 1
  BUFFER_POOL DEFAULT FLASH_CACHE DEFAULT CELL_FLASH_CACHE DEFAULT)
  TABLESPACE "USERS"  ENABLE;
--------------------------------------------------------
--  Constraints for Table ESTADO
--------------------------------------------------------

  ALTER TABLE "ASALINASPROGRAMACIONNCAPAS"."ESTADO" MODIFY ("IDESTADO" NOT NULL ENABLE);
  ALTER TABLE "ASALINASPROGRAMACIONNCAPAS"."ESTADO" MODIFY ("NOMBREESTADO" NOT NULL ENABLE);
  ALTER TABLE "ASALINASPROGRAMACIONNCAPAS"."ESTADO" ADD PRIMARY KEY ("IDESTADO")
  USING INDEX PCTFREE 10 INITRANS 2 MAXTRANS 255 
  STORAGE(INITIAL 65536 NEXT 1048576 MINEXTENTS 1 MAXEXTENTS 2147483645
  PCTINCREASE 0 FREELISTS 1 FREELIST GROUPS 1
  BUFFER_POOL DEFAULT FLASH_CACHE DEFAULT CELL_FLASH_CACHE DEFAULT)
  TABLESPACE "USERS"  ENABLE;
--------------------------------------------------------
--  Constraints for Table MUNICIPIO
--------------------------------------------------------

  ALTER TABLE "ASALINASPROGRAMACIONNCAPAS"."MUNICIPIO" MODIFY ("IDMUNICIPIO" NOT NULL ENABLE);
  ALTER TABLE "ASALINASPROGRAMACIONNCAPAS"."MUNICIPIO" MODIFY ("NOMBREMUNICIPIO" NOT NULL ENABLE);
  ALTER TABLE "ASALINASPROGRAMACIONNCAPAS"."MUNICIPIO" ADD PRIMARY KEY ("IDMUNICIPIO")
  USING INDEX PCTFREE 10 INITRANS 2 MAXTRANS 255 
  STORAGE(INITIAL 65536 NEXT 1048576 MINEXTENTS 1 MAXEXTENTS 2147483645
  PCTINCREASE 0 FREELISTS 1 FREELIST GROUPS 1
  BUFFER_POOL DEFAULT FLASH_CACHE DEFAULT CELL_FLASH_CACHE DEFAULT)
  TABLESPACE "USERS"  ENABLE;
--------------------------------------------------------
--  Constraints for Table PAIS
--------------------------------------------------------

  ALTER TABLE "ASALINASPROGRAMACIONNCAPAS"."PAIS" MODIFY ("IDPAIS" NOT NULL ENABLE);
  ALTER TABLE "ASALINASPROGRAMACIONNCAPAS"."PAIS" MODIFY ("NOMBREPAIS" NOT NULL ENABLE);
  ALTER TABLE "ASALINASPROGRAMACIONNCAPAS"."PAIS" ADD PRIMARY KEY ("IDPAIS")
  USING INDEX PCTFREE 10 INITRANS 2 MAXTRANS 255 
  STORAGE(INITIAL 65536 NEXT 1048576 MINEXTENTS 1 MAXEXTENTS 2147483645
  PCTINCREASE 0 FREELISTS 1 FREELIST GROUPS 1
  BUFFER_POOL DEFAULT FLASH_CACHE DEFAULT CELL_FLASH_CACHE DEFAULT)
  TABLESPACE "USERS"  ENABLE;
--------------------------------------------------------
--  Constraints for Table ROLL
--------------------------------------------------------

  ALTER TABLE "ASALINASPROGRAMACIONNCAPAS"."ROLL" MODIFY ("IDROLL" NOT NULL ENABLE);
  ALTER TABLE "ASALINASPROGRAMACIONNCAPAS"."ROLL" ADD PRIMARY KEY ("IDROLL")
  USING INDEX PCTFREE 10 INITRANS 2 MAXTRANS 255 
  STORAGE(INITIAL 65536 NEXT 1048576 MINEXTENTS 1 MAXEXTENTS 2147483645
  PCTINCREASE 0 FREELISTS 1 FREELIST GROUPS 1
  BUFFER_POOL DEFAULT FLASH_CACHE DEFAULT CELL_FLASH_CACHE DEFAULT)
  TABLESPACE "USERS"  ENABLE;
--------------------------------------------------------
--  Constraints for Table TBL_PERSONA_OP
--------------------------------------------------------

  ALTER TABLE "ASALINASPROGRAMACIONNCAPAS"."TBL_PERSONA_OP" MODIFY ("IDUPERSONA" NOT NULL ENABLE);
  ALTER TABLE "ASALINASPROGRAMACIONNCAPAS"."TBL_PERSONA_OP" ADD PRIMARY KEY ("IDUPERSONA")
  USING INDEX PCTFREE 10 INITRANS 2 MAXTRANS 255 
  STORAGE(INITIAL 65536 NEXT 1048576 MINEXTENTS 1 MAXEXTENTS 2147483645
  PCTINCREASE 0 FREELISTS 1 FREELIST GROUPS 1
  BUFFER_POOL DEFAULT FLASH_CACHE DEFAULT CELL_FLASH_CACHE DEFAULT)
  TABLESPACE "USERS"  ENABLE;
  ALTER TABLE "ASALINASPROGRAMACIONNCAPAS"."TBL_PERSONA_OP" MODIFY ("UPERSONA_PASSWORD" NOT NULL ENABLE);
  ALTER TABLE "ASALINASPROGRAMACIONNCAPAS"."TBL_PERSONA_OP" MODIFY ("UPERSONA_TELEFONO" NOT NULL ENABLE);
  ALTER TABLE "ASALINASPROGRAMACIONNCAPAS"."TBL_PERSONA_OP" MODIFY ("CELULARUPERSONA" NOT NULL ENABLE);
--------------------------------------------------------
--  Constraints for Table UPERSONA
--------------------------------------------------------

  ALTER TABLE "ASALINASPROGRAMACIONNCAPAS"."UPERSONA" MODIFY ("UPERSONA_NOMBRE" NOT NULL ENABLE);
--------------------------------------------------------
--  Constraints for Table USUARIO
--------------------------------------------------------

  ALTER TABLE "ASALINASPROGRAMACIONNCAPAS"."USUARIO" MODIFY ("IDUSUARIO" NOT NULL ENABLE);
  ALTER TABLE "ASALINASPROGRAMACIONNCAPAS"."USUARIO" ADD PRIMARY KEY ("IDUSUARIO")
  USING INDEX PCTFREE 10 INITRANS 2 MAXTRANS 255 
  STORAGE(INITIAL 65536 NEXT 1048576 MINEXTENTS 1 MAXEXTENTS 2147483645
  PCTINCREASE 0 FREELISTS 1 FREELIST GROUPS 1
  BUFFER_POOL DEFAULT FLASH_CACHE DEFAULT CELL_FLASH_CACHE DEFAULT)
  TABLESPACE "USERS"  ENABLE;
  ALTER TABLE "ASALINASPROGRAMACIONNCAPAS"."USUARIO" MODIFY ("PASSWORDUSUARIO" NOT NULL ENABLE);
  ALTER TABLE "ASALINASPROGRAMACIONNCAPAS"."USUARIO" MODIFY ("TELEFONOUSUARIO" NOT NULL ENABLE);
  ALTER TABLE "ASALINASPROGRAMACIONNCAPAS"."USUARIO" MODIFY ("USERNAMEUSUARIO" NOT NULL ENABLE);
  ALTER TABLE "ASALINASPROGRAMACIONNCAPAS"."USUARIO" MODIFY ("NOMBREUSUARIO" NOT NULL ENABLE);
  ALTER TABLE "ASALINASPROGRAMACIONNCAPAS"."USUARIO" MODIFY ("APELLIDOPATUSUARIO" NOT NULL ENABLE);
  ALTER TABLE "ASALINASPROGRAMACIONNCAPAS"."USUARIO" MODIFY ("APELLIDOMATUSUARIO" NOT NULL ENABLE);
  ALTER TABLE "ASALINASPROGRAMACIONNCAPAS"."USUARIO" MODIFY ("CORREOUSUARIO" NOT NULL ENABLE);
  ALTER TABLE "ASALINASPROGRAMACIONNCAPAS"."USUARIO" ADD UNIQUE ("USERNAMEUSUARIO")
  USING INDEX PCTFREE 10 INITRANS 2 MAXTRANS 255 COMPUTE STATISTICS 
  STORAGE(INITIAL 65536 NEXT 1048576 MINEXTENTS 1 MAXEXTENTS 2147483645
  PCTINCREASE 0 FREELISTS 1 FREELIST GROUPS 1
  BUFFER_POOL DEFAULT FLASH_CACHE DEFAULT CELL_FLASH_CACHE DEFAULT)
  TABLESPACE "USERS"  ENABLE;
  ALTER TABLE "ASALINASPROGRAMACIONNCAPAS"."USUARIO" MODIFY ("SEXOUSUARIO" NOT NULL ENABLE);
  ALTER TABLE "ASALINASPROGRAMACIONNCAPAS"."USUARIO" ADD UNIQUE ("CORREOUSUARIO")
  USING INDEX PCTFREE 10 INITRANS 2 MAXTRANS 255 COMPUTE STATISTICS 
  STORAGE(INITIAL 65536 NEXT 1048576 MINEXTENTS 1 MAXEXTENTS 2147483645
  PCTINCREASE 0 FREELISTS 1 FREELIST GROUPS 1
  BUFFER_POOL DEFAULT FLASH_CACHE DEFAULT CELL_FLASH_CACHE DEFAULT)
  TABLESPACE "USERS"  ENABLE;
--------------------------------------------------------
--  Ref Constraints for Table COLONIA
--------------------------------------------------------

  ALTER TABLE "ASALINASPROGRAMACIONNCAPAS"."COLONIA" ADD FOREIGN KEY ("IDMUNICIPIO")
	  REFERENCES "ASALINASPROGRAMACIONNCAPAS"."MUNICIPIO" ("IDMUNICIPIO") ENABLE;
--------------------------------------------------------
--  Ref Constraints for Table DIRECCION
--------------------------------------------------------

  ALTER TABLE "ASALINASPROGRAMACIONNCAPAS"."DIRECCION" ADD FOREIGN KEY ("IDCOLONIA")
	  REFERENCES "ASALINASPROGRAMACIONNCAPAS"."COLONIA" ("IDCOLONIA") ENABLE;
  ALTER TABLE "ASALINASPROGRAMACIONNCAPAS"."DIRECCION" ADD FOREIGN KEY ("IDUSUARIO")
	  REFERENCES "ASALINASPROGRAMACIONNCAPAS"."USUARIO" ("IDUSUARIO") ENABLE;
--------------------------------------------------------
--  Ref Constraints for Table ESTADO
--------------------------------------------------------

  ALTER TABLE "ASALINASPROGRAMACIONNCAPAS"."ESTADO" ADD FOREIGN KEY ("IDPAIS")
	  REFERENCES "ASALINASPROGRAMACIONNCAPAS"."PAIS" ("IDPAIS") ENABLE;
--------------------------------------------------------
--  Ref Constraints for Table MUNICIPIO
--------------------------------------------------------

  ALTER TABLE "ASALINASPROGRAMACIONNCAPAS"."MUNICIPIO" ADD FOREIGN KEY ("IDESTADO")
	  REFERENCES "ASALINASPROGRAMACIONNCAPAS"."ESTADO" ("IDESTADO") ENABLE;
--------------------------------------------------------
--  Ref Constraints for Table USUARIO
--------------------------------------------------------

  ALTER TABLE "ASALINASPROGRAMACIONNCAPAS"."USUARIO" ADD FOREIGN KEY ("IDROLL")
	  REFERENCES "ASALINASPROGRAMACIONNCAPAS"."ROLL" ("IDROLL") ENABLE;
